,Home,Away,ScoreHome,ScoreAway,Season,NonPenaltyGoalsHome,AgeHome,Goals90minHome,NonPenaltyGoalsAway,AgeAway,Goals90minAway,RankingPlaceHome,GoalForHome,GoalAgainstHome,GoalDifferenceHome,PointsHome,TopTeamScorerGoalsHome,RankingPlaceAway,GoalForAway,GoalAgainstAway,GoalDifferenceAway,PointsAway,TopTeamScorerGoalsAway,HomeT,AwayT
0,Medkila,Sandviken,1.0,1.0,2017,9.0,20.9,9.0,23.0,24.4,23.0,12.0,9.0,69.0,-60.0,5.0,3.0,9.0,23.0,34.0,-11.0,18.0,6.0,9,11
1,Avaldsnes,Sandviken,6.0,0.0,2017,48.0,25.5,49.0,23.0,24.4,23.0,2.0,51.0,17.0,34.0,48.0,11.0,9.0,23.0,34.0,-11.0,18.0,6.0,1,11
2,Grand Bodø,Sandviken,1.0,5.0,2017,29.0,22.7,30.0,23.0,24.4,23.0,11.0,30.0,80.0,-50.0,8.0,11.0,9.0,23.0,34.0,-11.0,18.0,6.0,3,11
3,Røa,Sandviken,4.0,0.0,2017,42.0,22.8,42.0,23.0,24.4,23.0,5.0,42.0,28.0,14.0,37.0,17.0,9.0,23.0,34.0,-11.0,18.0,6.0,10,11
4,LSK Kvinner,Sandviken,2.0,0.0,2017,65.0,24.2,67.0,23.0,24.4,23.0,1.0,68.0,18.0,50.0,59.0,18.0,9.0,23.0,34.0,-11.0,18.0,6.0,7,11
5,Trondheims-Ørn,Sandviken,0.0,0.0,2017,36.0,22.1,36.0,23.0,24.4,23.0,8.0,36.0,36.0,0.0,30.0,8.0,9.0,23.0,34.0,-11.0,18.0,6.0,13,11
6,Arna-Bjørnar,Sandviken,2.0,0.0,2017,36.0,22.0,37.0,23.0,24.4,23.0,6.0,39.0,28.0,11.0,35.0,7.0,9.0,23.0,34.0,-11.0,18.0,6.0,0,11
7,Vålerenga,Sandviken,1.0,0.0,2017,38.0,25.8,38.0,23.0,24.4,23.0,7.0,38.0,33.0,5.0,34.0,7.0,9.0,23.0,34.0,-11.0,18.0,6.0,14,11
8,Kolbotn,Sandviken,1.0,1.0,2017,16.0,21.9,16.0,23.0,24.4,23.0,10.0,17.0,43.0,-26.0,15.0,5.0,9.0,23.0,34.0,-11.0,18.0,6.0,6,11
9,Stabæk,Sandviken,1.0,0.0,2017,44.0,25.5,44.0,23.0,24.4,23.0,3.0,46.0,23.0,23.0,43.0,11.0,9.0,23.0,34.0,-11.0,18.0,6.0,12,11
10,Klepp,Sandviken,0.0,0.0,2017,31.0,23.5,33.0,23.0,24.4,23.0,4.0,34.0,24.0,10.0,40.0,14.0,9.0,23.0,34.0,-11.0,18.0,6.0,5,11
11,Medkila,Klepp,0.0,5.0,2017,9.0,20.9,9.0,31.0,23.5,33.0,12.0,9.0,69.0,-60.0,5.0,3.0,4.0,34.0,24.0,10.0,40.0,14.0,9,5
12,Avaldsnes,Klepp,2.0,0.0,2017,48.0,25.5,49.0,31.0,23.5,33.0,2.0,51.0,17.0,34.0,48.0,11.0,4.0,34.0,24.0,10.0,40.0,14.0,1,5
13,Grand Bodø,Klepp,1.0,4.0,2017,29.0,22.7,30.0,31.0,23.5,33.0,11.0,30.0,80.0,-50.0,8.0,11.0,4.0,34.0,24.0,10.0,40.0,14.0,3,5
14,Røa,Klepp,0.0,1.0,2017,42.0,22.8,42.0,31.0,23.5,33.0,5.0,42.0,28.0,14.0,37.0,17.0,4.0,34.0,24.0,10.0,40.0,14.0,10,5
15,LSK Kvinner,Klepp,6.0,1.0,2017,65.0,24.2,67.0,31.0,23.5,33.0,1.0,68.0,18.0,50.0,59.0,18.0,4.0,34.0,24.0,10.0,40.0,14.0,7,5
16,Trondheims-Ørn,Klepp,3.0,1.0,2017,36.0,22.1,36.0,31.0,23.5,33.0,8.0,36.0,36.0,0.0,30.0,8.0,4.0,34.0,24.0,10.0,40.0,14.0,13,5
17,Arna-Bjørnar,Klepp,3.0,1.0,2017,36.0,22.0,37.0,31.0,23.5,33.0,6.0,39.0,28.0,11.0,35.0,7.0,4.0,34.0,24.0,10.0,40.0,14.0,0,5
18,Vålerenga,Klepp,1.0,0.0,2017,38.0,25.8,38.0,31.0,23.5,33.0,7.0,38.0,33.0,5.0,34.0,7.0,4.0,34.0,24.0,10.0,40.0,14.0,14,5
19,Kolbotn,Klepp,0.0,2.0,2017,16.0,21.9,16.0,31.0,23.5,33.0,10.0,17.0,43.0,-26.0,15.0,5.0,4.0,34.0,24.0,10.0,40.0,14.0,6,5
20,Stabæk,Klepp,0.0,1.0,2017,44.0,25.5,44.0,31.0,23.5,33.0,3.0,46.0,23.0,23.0,43.0,11.0,4.0,34.0,24.0,10.0,40.0,14.0,12,5
21,Sandviken,Klepp,0.0,1.0,2017,23.0,24.4,23.0,31.0,23.5,33.0,9.0,23.0,34.0,-11.0,18.0,6.0,4.0,34.0,24.0,10.0,40.0,14.0,11,5
22,Medkila,Grand Bodø,1.0,3.0,2017,9.0,20.9,9.0,29.0,22.7,30.0,12.0,9.0,69.0,-60.0,5.0,3.0,11.0,30.0,80.0,-50.0,8.0,11.0,9,3
23,Avaldsnes,Grand Bodø,5.0,0.0,2017,48.0,25.5,49.0,29.0,22.7,30.0,2.0,51.0,17.0,34.0,48.0,11.0,11.0,30.0,80.0,-50.0,8.0,11.0,1,3
24,Røa,Grand Bodø,4.0,2.0,2017,42.0,22.8,42.0,29.0,22.7,30.0,5.0,42.0,28.0,14.0,37.0,17.0,11.0,30.0,80.0,-50.0,8.0,11.0,10,3
25,LSK Kvinner,Grand Bodø,9.0,1.0,2017,65.0,24.2,67.0,29.0,22.7,30.0,1.0,68.0,18.0,50.0,59.0,18.0,11.0,30.0,80.0,-50.0,8.0,11.0,7,3
26,Trondheims-Ørn,Grand Bodø,3.0,1.0,2017,36.0,22.1,36.0,29.0,22.7,30.0,8.0,36.0,36.0,0.0,30.0,8.0,11.0,30.0,80.0,-50.0,8.0,11.0,13,3
27,Arna-Bjørnar,Grand Bodø,5.0,2.0,2017,36.0,22.0,37.0,29.0,22.7,30.0,6.0,39.0,28.0,11.0,35.0,7.0,11.0,30.0,80.0,-50.0,8.0,11.0,0,3
28,Vålerenga,Grand Bodø,2.0,0.0,2017,38.0,25.8,38.0,29.0,22.7,30.0,7.0,38.0,33.0,5.0,34.0,7.0,11.0,30.0,80.0,-50.0,8.0,11.0,14,3
29,Kolbotn,Grand Bodø,2.0,0.0,2017,16.0,21.9,16.0,29.0,22.7,30.0,10.0,17.0,43.0,-26.0,15.0,5.0,11.0,30.0,80.0,-50.0,8.0,11.0,6,3
30,Stabæk,Grand Bodø,5.0,1.0,2017,44.0,25.5,44.0,29.0,22.7,30.0,3.0,46.0,23.0,23.0,43.0,11.0,11.0,30.0,80.0,-50.0,8.0,11.0,12,3
31,Klepp,Grand Bodø,4.0,2.0,2017,31.0,23.5,33.0,29.0,22.7,30.0,4.0,34.0,24.0,10.0,40.0,14.0,11.0,30.0,80.0,-50.0,8.0,11.0,5,3
32,Sandviken,Grand Bodø,6.0,2.0,2017,23.0,24.4,23.0,29.0,22.7,30.0,9.0,23.0,34.0,-11.0,18.0,6.0,11.0,30.0,80.0,-50.0,8.0,11.0,11,3
33,Medkila,Avaldsnes,0.0,2.0,2017,9.0,20.9,9.0,48.0,25.5,49.0,12.0,9.0,69.0,-60.0,5.0,3.0,2.0,51.0,17.0,34.0,48.0,11.0,9,1
34,Grand Bodø,Avaldsnes,2.0,3.0,2017,29.0,22.7,30.0,48.0,25.5,49.0,11.0,30.0,80.0,-50.0,8.0,11.0,2.0,51.0,17.0,34.0,48.0,11.0,3,1
35,Røa,Avaldsnes,3.0,3.0,2017,42.0,22.8,42.0,48.0,25.5,49.0,5.0,42.0,28.0,14.0,37.0,17.0,2.0,51.0,17.0,34.0,48.0,11.0,10,1
36,LSK Kvinner,Avaldsnes,1.0,0.0,2017,65.0,24.2,67.0,48.0,25.5,49.0,1.0,68.0,18.0,50.0,59.0,18.0,2.0,51.0,17.0,34.0,48.0,11.0,7,1
37,Trondheims-Ørn,Avaldsnes,1.0,3.0,2017,36.0,22.1,36.0,48.0,25.5,49.0,8.0,36.0,36.0,0.0,30.0,8.0,2.0,51.0,17.0,34.0,48.0,11.0,13,1
38,Arna-Bjørnar,Avaldsnes,0.0,3.0,2017,36.0,22.0,37.0,48.0,25.5,49.0,6.0,39.0,28.0,11.0,35.0,7.0,2.0,51.0,17.0,34.0,48.0,11.0,0,1
39,Vålerenga,Avaldsnes,0.0,1.0,2017,38.0,25.8,38.0,48.0,25.5,49.0,7.0,38.0,33.0,5.0,34.0,7.0,2.0,51.0,17.0,34.0,48.0,11.0,14,1
40,Kolbotn,Avaldsnes,1.0,5.0,2017,16.0,21.9,16.0,48.0,25.5,49.0,10.0,17.0,43.0,-26.0,15.0,5.0,2.0,51.0,17.0,34.0,48.0,11.0,6,1
41,Stabæk,Avaldsnes,2.0,1.0,2017,44.0,25.5,44.0,48.0,25.5,49.0,3.0,46.0,23.0,23.0,43.0,11.0,2.0,51.0,17.0,34.0,48.0,11.0,12,1
42,Klepp,Avaldsnes,1.0,0.0,2017,31.0,23.5,33.0,48.0,25.5,49.0,4.0,34.0,24.0,10.0,40.0,14.0,2.0,51.0,17.0,34.0,48.0,11.0,5,1
43,Sandviken,Avaldsnes,0.0,1.0,2017,23.0,24.4,23.0,48.0,25.5,49.0,9.0,23.0,34.0,-11.0,18.0,6.0,2.0,51.0,17.0,34.0,48.0,11.0,11,1
44,Medkila,Vålerenga,1.0,6.0,2017,9.0,20.9,9.0,38.0,25.8,38.0,12.0,9.0,69.0,-60.0,5.0,3.0,7.0,38.0,33.0,5.0,34.0,7.0,9,14
45,Avaldsnes,Vålerenga,2.0,1.0,2017,48.0,25.5,49.0,38.0,25.8,38.0,2.0,51.0,17.0,34.0,48.0,11.0,7.0,38.0,33.0,5.0,34.0,7.0,1,14
46,Grand Bodø,Vålerenga,2.0,3.0,2017,29.0,22.7,30.0,38.0,25.8,38.0,11.0,30.0,80.0,-50.0,8.0,11.0,7.0,38.0,33.0,5.0,34.0,7.0,3,14
47,Røa,Vålerenga,4.0,3.0,2017,42.0,22.8,42.0,38.0,25.8,38.0,5.0,42.0,28.0,14.0,37.0,17.0,7.0,38.0,33.0,5.0,34.0,7.0,10,14
48,LSK Kvinner,Vålerenga,2.0,1.0,2017,65.0,24.2,67.0,38.0,25.8,38.0,1.0,68.0,18.0,50.0,59.0,18.0,7.0,38.0,33.0,5.0,34.0,7.0,7,14
49,Trondheims-Ørn,Vålerenga,2.0,2.0,2017,36.0,22.1,36.0,38.0,25.8,38.0,8.0,36.0,36.0,0.0,30.0,8.0,7.0,38.0,33.0,5.0,34.0,7.0,13,14
50,Arna-Bjørnar,Vålerenga,2.0,3.0,2017,36.0,22.0,37.0,38.0,25.8,38.0,6.0,39.0,28.0,11.0,35.0,7.0,7.0,38.0,33.0,5.0,34.0,7.0,0,14
51,Kolbotn,Vålerenga,0.0,2.0,2017,16.0,21.9,16.0,38.0,25.8,38.0,10.0,17.0,43.0,-26.0,15.0,5.0,7.0,38.0,33.0,5.0,34.0,7.0,6,14
52,Stabæk,Vålerenga,0.0,1.0,2017,44.0,25.5,44.0,38.0,25.8,38.0,3.0,46.0,23.0,23.0,43.0,11.0,7.0,38.0,33.0,5.0,34.0,7.0,12,14
53,Klepp,Vålerenga,2.0,0.0,2017,31.0,23.5,33.0,38.0,25.8,38.0,4.0,34.0,24.0,10.0,40.0,14.0,7.0,38.0,33.0,5.0,34.0,7.0,5,14
54,Sandviken,Vålerenga,2.0,0.0,2017,23.0,24.4,23.0,38.0,25.8,38.0,9.0,23.0,34.0,-11.0,18.0,6.0,7.0,38.0,33.0,5.0,34.0,7.0,11,14
55,Medkila,Arna-Bjørnar,0.0,1.0,2017,9.0,20.9,9.0,36.0,22.0,37.0,12.0,9.0,69.0,-60.0,5.0,3.0,6.0,39.0,28.0,11.0,35.0,7.0,9,0
56,Avaldsnes,Arna-Bjørnar,2.0,2.0,2017,48.0,25.5,49.0,36.0,22.0,37.0,2.0,51.0,17.0,34.0,48.0,11.0,6.0,39.0,28.0,11.0,35.0,7.0,1,0
57,Grand Bodø,Arna-Bjørnar,2.0,2.0,2017,29.0,22.7,30.0,36.0,22.0,37.0,11.0,30.0,80.0,-50.0,8.0,11.0,6.0,39.0,28.0,11.0,35.0,7.0,3,0
58,Røa,Arna-Bjørnar,1.0,2.0,2017,42.0,22.8,42.0,36.0,22.0,37.0,5.0,42.0,28.0,14.0,37.0,17.0,6.0,39.0,28.0,11.0,35.0,7.0,10,0
59,LSK Kvinner,Arna-Bjørnar,2.0,0.0,2017,65.0,24.2,67.0,36.0,22.0,37.0,1.0,68.0,18.0,50.0,59.0,18.0,6.0,39.0,28.0,11.0,35.0,7.0,7,0
60,Trondheims-Ørn,Arna-Bjørnar,1.0,1.0,2017,36.0,22.1,36.0,36.0,22.0,37.0,8.0,36.0,36.0,0.0,30.0,8.0,6.0,39.0,28.0,11.0,35.0,7.0,13,0
61,Vålerenga,Arna-Bjørnar,2.0,2.0,2017,38.0,25.8,38.0,36.0,22.0,37.0,7.0,38.0,33.0,5.0,34.0,7.0,6.0,39.0,28.0,11.0,35.0,7.0,14,0
62,Kolbotn,Arna-Bjørnar,0.0,1.0,2017,16.0,21.9,16.0,36.0,22.0,37.0,10.0,17.0,43.0,-26.0,15.0,5.0,6.0,39.0,28.0,11.0,35.0,7.0,6,0
63,Stabæk,Arna-Bjørnar,3.0,3.0,2017,44.0,25.5,44.0,36.0,22.0,37.0,3.0,46.0,23.0,23.0,43.0,11.0,6.0,39.0,28.0,11.0,35.0,7.0,12,0
64,Klepp,Arna-Bjørnar,0.0,0.0,2017,31.0,23.5,33.0,36.0,22.0,37.0,4.0,34.0,24.0,10.0,40.0,14.0,6.0,39.0,28.0,11.0,35.0,7.0,5,0
65,Sandviken,Arna-Bjørnar,2.0,0.0,2017,23.0,24.4,23.0,36.0,22.0,37.0,9.0,23.0,34.0,-11.0,18.0,6.0,6.0,39.0,28.0,11.0,35.0,7.0,11,0
66,Medkila,Stabæk,0.0,1.0,2017,9.0,20.9,9.0,44.0,25.5,44.0,12.0,9.0,69.0,-60.0,5.0,3.0,3.0,46.0,23.0,23.0,43.0,11.0,9,12
67,Avaldsnes,Stabæk,2.0,1.0,2017,48.0,25.5,49.0,44.0,25.5,44.0,2.0,51.0,17.0,34.0,48.0,11.0,3.0,46.0,23.0,23.0,43.0,11.0,1,12
68,Grand Bodø,Stabæk,1.0,2.0,2017,29.0,22.7,30.0,44.0,25.5,44.0,11.0,30.0,80.0,-50.0,8.0,11.0,3.0,46.0,23.0,23.0,43.0,11.0,3,12
69,Røa,Stabæk,1.0,2.0,2017,42.0,22.8,42.0,44.0,25.5,44.0,5.0,42.0,28.0,14.0,37.0,17.0,3.0,46.0,23.0,23.0,43.0,11.0,10,12
70,LSK Kvinner,Stabæk,3.0,2.0,2017,65.0,24.2,67.0,44.0,25.5,44.0,1.0,68.0,18.0,50.0,59.0,18.0,3.0,46.0,23.0,23.0,43.0,11.0,7,12
71,Trondheims-Ørn,Stabæk,0.0,4.0,2017,36.0,22.1,36.0,44.0,25.5,44.0,8.0,36.0,36.0,0.0,30.0,8.0,3.0,46.0,23.0,23.0,43.0,11.0,13,12
72,Arna-Bjørnar,Stabæk,1.0,1.0,2017,36.0,22.0,37.0,44.0,25.5,44.0,6.0,39.0,28.0,11.0,35.0,7.0,3.0,46.0,23.0,23.0,43.0,11.0,0,12
73,Vålerenga,Stabæk,1.0,1.0,2017,38.0,25.8,38.0,44.0,25.5,44.0,7.0,38.0,33.0,5.0,34.0,7.0,3.0,46.0,23.0,23.0,43.0,11.0,14,12
74,Kolbotn,Stabæk,0.0,2.0,2017,16.0,21.9,16.0,44.0,25.5,44.0,10.0,17.0,43.0,-26.0,15.0,5.0,3.0,46.0,23.0,23.0,43.0,11.0,6,12
75,Klepp,Stabæk,2.0,2.0,2017,31.0,23.5,33.0,44.0,25.5,44.0,4.0,34.0,24.0,10.0,40.0,14.0,3.0,46.0,23.0,23.0,43.0,11.0,5,12
76,Sandviken,Stabæk,1.0,2.0,2017,23.0,24.4,23.0,44.0,25.5,44.0,9.0,23.0,34.0,-11.0,18.0,6.0,3.0,46.0,23.0,23.0,43.0,11.0,11,12
77,Medkila,Trondheims-Ørn,0.0,2.0,2017,9.0,20.9,9.0,36.0,22.1,36.0,12.0,9.0,69.0,-60.0,5.0,3.0,8.0,36.0,36.0,0.0,30.0,8.0,9,13
78,Avaldsnes,Trondheims-Ørn,1.0,0.0,2017,48.0,25.5,49.0,36.0,22.1,36.0,2.0,51.0,17.0,34.0,48.0,11.0,8.0,36.0,36.0,0.0,30.0,8.0,1,13
79,Grand Bodø,Trondheims-Ørn,1.0,6.0,2017,29.0,22.7,30.0,36.0,22.1,36.0,11.0,30.0,80.0,-50.0,8.0,11.0,8.0,36.0,36.0,0.0,30.0,8.0,3,13
80,Røa,Trondheims-Ørn,4.0,1.0,2017,42.0,22.8,42.0,36.0,22.1,36.0,5.0,42.0,28.0,14.0,37.0,17.0,8.0,36.0,36.0,0.0,30.0,8.0,10,13
81,LSK Kvinner,Trondheims-Ørn,3.0,0.0,2017,65.0,24.2,67.0,36.0,22.1,36.0,1.0,68.0,18.0,50.0,59.0,18.0,8.0,36.0,36.0,0.0,30.0,8.0,7,13
82,Arna-Bjørnar,Trondheims-Ørn,2.0,0.0,2017,36.0,22.0,37.0,36.0,22.1,36.0,6.0,39.0,28.0,11.0,35.0,7.0,8.0,36.0,36.0,0.0,30.0,8.0,0,13
83,Vålerenga,Trondheims-Ørn,2.0,2.0,2017,38.0,25.8,38.0,36.0,22.1,36.0,7.0,38.0,33.0,5.0,34.0,7.0,8.0,36.0,36.0,0.0,30.0,8.0,14,13
84,Kolbotn,Trondheims-Ørn,0.0,1.0,2017,16.0,21.9,16.0,36.0,22.1,36.0,10.0,17.0,43.0,-26.0,15.0,5.0,8.0,36.0,36.0,0.0,30.0,8.0,6,13
85,Stabæk,Trondheims-Ørn,5.0,2.0,2017,44.0,25.5,44.0,36.0,22.1,36.0,3.0,46.0,23.0,23.0,43.0,11.0,8.0,36.0,36.0,0.0,30.0,8.0,12,13
86,Klepp,Trondheims-Ørn,1.0,0.0,2017,31.0,23.5,33.0,36.0,22.1,36.0,4.0,34.0,24.0,10.0,40.0,14.0,8.0,36.0,36.0,0.0,30.0,8.0,5,13
87,Sandviken,Trondheims-Ørn,2.0,2.0,2017,23.0,24.4,23.0,36.0,22.1,36.0,9.0,23.0,34.0,-11.0,18.0,6.0,8.0,36.0,36.0,0.0,30.0,8.0,11,13
88,Medkila,LSK Kvinner,0.0,6.0,2017,9.0,20.9,9.0,65.0,24.2,67.0,12.0,9.0,69.0,-60.0,5.0,3.0,1.0,68.0,18.0,50.0,59.0,18.0,9,7
89,Avaldsnes,LSK Kvinner,0.0,1.0,2017,48.0,25.5,49.0,65.0,24.2,67.0,2.0,51.0,17.0,34.0,48.0,11.0,1.0,68.0,18.0,50.0,59.0,18.0,1,7
90,Grand Bodø,LSK Kvinner,0.0,6.0,2017,29.0,22.7,30.0,65.0,24.2,67.0,11.0,30.0,80.0,-50.0,8.0,11.0,1.0,68.0,18.0,50.0,59.0,18.0,3,7
91,Røa,LSK Kvinner,2.0,3.0,2017,42.0,22.8,42.0,65.0,24.2,67.0,5.0,42.0,28.0,14.0,37.0,17.0,1.0,68.0,18.0,50.0,59.0,18.0,10,7
92,Trondheims-Ørn,LSK Kvinner,4.0,1.0,2017,36.0,22.1,36.0,65.0,24.2,67.0,8.0,36.0,36.0,0.0,30.0,8.0,1.0,68.0,18.0,50.0,59.0,18.0,13,7
93,Arna-Bjørnar,LSK Kvinner,1.0,1.0,2017,36.0,22.0,37.0,65.0,24.2,67.0,6.0,39.0,28.0,11.0,35.0,7.0,1.0,68.0,18.0,50.0,59.0,18.0,0,7
94,Vålerenga,LSK Kvinner,2.0,5.0,2017,38.0,25.8,38.0,65.0,24.2,67.0,7.0,38.0,33.0,5.0,34.0,7.0,1.0,68.0,18.0,50.0,59.0,18.0,14,7
95,Kolbotn,LSK Kvinner,1.0,3.0,2017,16.0,21.9,16.0,65.0,24.2,67.0,10.0,17.0,43.0,-26.0,15.0,5.0,1.0,68.0,18.0,50.0,59.0,18.0,6,7
96,Stabæk,LSK Kvinner,0.0,1.0,2017,44.0,25.5,44.0,65.0,24.2,67.0,3.0,46.0,23.0,23.0,43.0,11.0,1.0,68.0,18.0,50.0,59.0,18.0,12,7
97,Klepp,LSK Kvinner,0.0,2.0,2017,31.0,23.5,33.0,65.0,24.2,67.0,4.0,34.0,24.0,10.0,40.0,14.0,1.0,68.0,18.0,50.0,59.0,18.0,5,7
98,Sandviken,LSK Kvinner,1.0,2.0,2017,23.0,24.4,23.0,65.0,24.2,67.0,9.0,23.0,34.0,-11.0,18.0,6.0,1.0,68.0,18.0,50.0,59.0,18.0,11,7
99,Medkila,Røa,1.0,0.0,2017,9.0,20.9,9.0,42.0,22.8,42.0,12.0,9.0,69.0,-60.0,5.0,3.0,5.0,42.0,28.0,14.0,37.0,17.0,9,10
100,Avaldsnes,Røa,0.0,0.0,2017,48.0,25.5,49.0,42.0,22.8,42.0,2.0,51.0,17.0,34.0,48.0,11.0,5.0,42.0,28.0,14.0,37.0,17.0,1,10
101,Grand Bodø,Røa,1.0,2.0,2017,29.0,22.7,30.0,42.0,22.8,42.0,11.0,30.0,80.0,-50.0,8.0,11.0,5.0,42.0,28.0,14.0,37.0,17.0,3,10
102,LSK Kvinner,Røa,6.0,1.0,2017,65.0,24.2,67.0,42.0,22.8,42.0,1.0,68.0,18.0,50.0,59.0,18.0,5.0,42.0,28.0,14.0,37.0,17.0,7,10
103,Trondheims-Ørn,Røa,0.0,0.0,2017,36.0,22.1,36.0,42.0,22.8,42.0,8.0,36.0,36.0,0.0,30.0,8.0,5.0,42.0,28.0,14.0,37.0,17.0,13,10
104,Arna-Bjørnar,Røa,0.0,2.0,2017,36.0,22.0,37.0,42.0,22.8,42.0,6.0,39.0,28.0,11.0,35.0,7.0,5.0,42.0,28.0,14.0,37.0,17.0,0,10
105,Vålerenga,Røa,0.0,2.0,2017,38.0,25.8,38.0,42.0,22.8,42.0,7.0,38.0,33.0,5.0,34.0,7.0,5.0,42.0,28.0,14.0,37.0,17.0,14,10
106,Kolbotn,Røa,0.0,3.0,2017,16.0,21.9,16.0,42.0,22.8,42.0,10.0,17.0,43.0,-26.0,15.0,5.0,5.0,42.0,28.0,14.0,37.0,17.0,6,10
107,Stabæk,Røa,2.0,0.0,2017,44.0,25.5,44.0,42.0,22.8,42.0,3.0,46.0,23.0,23.0,43.0,11.0,5.0,42.0,28.0,14.0,37.0,17.0,12,10
108,Klepp,Røa,1.0,1.0,2017,31.0,23.5,33.0,42.0,22.8,42.0,4.0,34.0,24.0,10.0,40.0,14.0,5.0,42.0,28.0,14.0,37.0,17.0,5,10
109,Sandviken,Røa,0.0,2.0,2017,23.0,24.4,23.0,42.0,22.8,42.0,9.0,23.0,34.0,-11.0,18.0,6.0,5.0,42.0,28.0,14.0,37.0,17.0,11,10
110,Medkila,Kolbotn,1.0,3.0,2017,9.0,20.9,9.0,16.0,21.9,16.0,12.0,9.0,69.0,-60.0,5.0,3.0,10.0,17.0,43.0,-26.0,15.0,5.0,9,6
111,Avaldsnes,Kolbotn,4.0,1.0,2017,48.0,25.5,49.0,16.0,21.9,16.0,2.0,51.0,17.0,34.0,48.0,11.0,10.0,17.0,43.0,-26.0,15.0,5.0,1,6
112,Grand Bodø,Kolbotn,1.0,1.0,2017,29.0,22.7,30.0,16.0,21.9,16.0,11.0,30.0,80.0,-50.0,8.0,11.0,10.0,17.0,43.0,-26.0,15.0,5.0,3,6
113,Røa,Kolbotn,2.0,0.0,2017,42.0,22.8,42.0,16.0,21.9,16.0,5.0,42.0,28.0,14.0,37.0,17.0,10.0,17.0,43.0,-26.0,15.0,5.0,10,6
114,LSK Kvinner,Kolbotn,0.0,0.0,2017,65.0,24.2,67.0,16.0,21.9,16.0,1.0,68.0,18.0,50.0,59.0,18.0,10.0,17.0,43.0,-26.0,15.0,5.0,7,6
115,Trondheims-Ørn,Kolbotn,3.0,2.0,2017,36.0,22.1,36.0,16.0,21.9,16.0,8.0,36.0,36.0,0.0,30.0,8.0,10.0,17.0,43.0,-26.0,15.0,5.0,13,6
116,Arna-Bjørnar,Kolbotn,3.0,0.0,2017,36.0,22.0,37.0,16.0,21.9,16.0,6.0,39.0,28.0,11.0,35.0,7.0,10.0,17.0,43.0,-26.0,15.0,5.0,0,6
117,Vålerenga,Kolbotn,2.0,0.0,2017,38.0,25.8,38.0,16.0,21.9,16.0,7.0,38.0,33.0,5.0,34.0,7.0,10.0,17.0,43.0,-26.0,15.0,5.0,14,6
118,Stabæk,Kolbotn,2.0,0.0,2017,44.0,25.5,44.0,16.0,21.9,16.0,3.0,46.0,23.0,23.0,43.0,11.0,10.0,17.0,43.0,-26.0,15.0,5.0,12,6
119,Klepp,Kolbotn,4.0,1.0,2017,31.0,23.5,33.0,16.0,21.9,16.0,4.0,34.0,24.0,10.0,40.0,14.0,10.0,17.0,43.0,-26.0,15.0,5.0,5,6
120,Sandviken,Kolbotn,1.0,2.0,2017,23.0,24.4,23.0,16.0,21.9,16.0,9.0,23.0,34.0,-11.0,18.0,6.0,10.0,17.0,43.0,-26.0,15.0,5.0,11,6
121,Avaldsnes,Medkila,5.0,0.0,2017,48.0,25.5,49.0,9.0,20.9,9.0,2.0,51.0,17.0,34.0,48.0,11.0,12.0,9.0,69.0,-60.0,5.0,3.0,1,9
122,Grand Bodø,Medkila,4.0,0.0,2017,29.0,22.7,30.0,9.0,20.9,9.0,11.0,30.0,80.0,-50.0,8.0,11.0,12.0,9.0,69.0,-60.0,5.0,3.0,3,9
123,Røa,Medkila,4.0,0.0,2017,42.0,22.8,42.0,9.0,20.9,9.0,5.0,42.0,28.0,14.0,37.0,17.0,12.0,9.0,69.0,-60.0,5.0,3.0,10,9
124,LSK Kvinner,Medkila,3.0,1.0,2017,65.0,24.2,67.0,9.0,20.9,9.0,1.0,68.0,18.0,50.0,59.0,18.0,12.0,9.0,69.0,-60.0,5.0,3.0,7,9
125,Trondheims-Ørn,Medkila,3.0,0.0,2017,36.0,22.1,36.0,9.0,20.9,9.0,8.0,36.0,36.0,0.0,30.0,8.0,12.0,9.0,69.0,-60.0,5.0,3.0,13,9
126,Arna-Bjørnar,Medkila,6.0,0.0,2017,36.0,22.0,37.0,9.0,20.9,9.0,6.0,39.0,28.0,11.0,35.0,7.0,12.0,9.0,69.0,-60.0,5.0,3.0,0,9
127,Vålerenga,Medkila,3.0,1.0,2017,38.0,25.8,38.0,9.0,20.9,9.0,7.0,38.0,33.0,5.0,34.0,7.0,12.0,9.0,69.0,-60.0,5.0,3.0,14,9
128,Kolbotn,Medkila,2.0,0.0,2017,16.0,21.9,16.0,9.0,20.9,9.0,10.0,17.0,43.0,-26.0,15.0,5.0,12.0,9.0,69.0,-60.0,5.0,3.0,6,9
129,Stabæk,Medkila,6.0,1.0,2017,44.0,25.5,44.0,9.0,20.9,9.0,3.0,46.0,23.0,23.0,43.0,11.0,12.0,9.0,69.0,-60.0,5.0,3.0,12,9
130,Klepp,Medkila,2.0,0.0,2017,31.0,23.5,33.0,9.0,20.9,9.0,4.0,34.0,24.0,10.0,40.0,14.0,12.0,9.0,69.0,-60.0,5.0,3.0,5,9
131,Sandviken,Medkila,1.0,1.0,2017,23.0,24.4,23.0,9.0,20.9,9.0,9.0,23.0,34.0,-11.0,18.0,6.0,12.0,9.0,69.0,-60.0,5.0,3.0,11,9
132,Sandviken,Kolbotn,0.0,1.0,2018,40.0,26.4,40.0,32.0,21.2,34.0,4.0,42.0,29.0,13.0,39.0,15.0,5.0,34.0,35.0,-1.0,39.0,9.0,11,6
133,Klepp,Kolbotn,2.0,1.0,2018,37.0,25.1,39.0,32.0,21.2,34.0,2.0,39.0,21.0,18.0,48.0,10.0,5.0,34.0,35.0,-1.0,39.0,9.0,5,6
134,Grand Bodø,Kolbotn,1.0,2.0,2018,18.0,23.4,19.0,32.0,21.2,34.0,12.0,20.0,61.0,-41.0,8.0,5.0,5.0,34.0,35.0,-1.0,39.0,9.0,3,6
135,Røa,Kolbotn,1.0,2.0,2018,38.0,22.7,40.0,32.0,21.2,34.0,7.0,42.0,42.0,0.0,32.0,14.0,5.0,34.0,35.0,-1.0,39.0,9.0,10,6
136,Vålerenga,Kolbotn,2.0,3.0,2018,32.0,25.6,36.0,32.0,21.2,34.0,6.0,37.0,35.0,2.0,33.0,9.0,5.0,34.0,35.0,-1.0,39.0,9.0,14,6
137,Arna-Bjørnar,Kolbotn,1.0,1.0,2018,51.0,21.9,52.0,32.0,21.2,34.0,3.0,53.0,26.0,27.0,39.0,15.0,5.0,34.0,35.0,-1.0,39.0,9.0,0,6
138,LSK Kvinner,Kolbotn,5.0,1.0,2018,64.0,24.1,68.0,32.0,21.2,34.0,1.0,71.0,15.0,56.0,61.0,21.0,5.0,34.0,35.0,-1.0,39.0,9.0,7,6
139,Trondheims-Ørn,Kolbotn,2.0,2.0,2018,24.0,21.8,25.0,32.0,21.2,34.0,10.0,25.0,48.0,-23.0,18.0,10.0,5.0,34.0,35.0,-1.0,39.0,9.0,13,6
140,Stabæk,Kolbotn,1.0,2.0,2018,29.0,23.6,29.0,32.0,21.2,34.0,8.0,29.0,37.0,-8.0,23.0,9.0,5.0,34.0,35.0,-1.0,39.0,9.0,12,6
141,Avaldsnes,Kolbotn,0.0,0.0,2018,21.0,24.0,24.0,32.0,21.2,34.0,9.0,24.0,38.0,-14.0,21.0,5.0,5.0,34.0,35.0,-1.0,39.0,9.0,1,6
142,Lyn,Kolbotn,0.0,1.0,2018,24.0,19.8,26.0,32.0,21.2,34.0,11.0,27.0,56.0,-29.0,12.0,9.0,5.0,34.0,35.0,-1.0,39.0,9.0,8,6
143,Sandviken,Trondheims-Ørn,3.0,1.0,2018,40.0,26.4,40.0,24.0,21.8,25.0,4.0,42.0,29.0,13.0,39.0,15.0,10.0,25.0,48.0,-23.0,18.0,10.0,11,13
144,Klepp,Trondheims-Ørn,1.0,0.0,2018,37.0,25.1,39.0,24.0,21.8,25.0,2.0,39.0,21.0,18.0,48.0,10.0,10.0,25.0,48.0,-23.0,18.0,10.0,5,13
145,Grand Bodø,Trondheims-Ørn,2.0,1.0,2018,18.0,23.4,19.0,24.0,21.8,25.0,12.0,20.0,61.0,-41.0,8.0,5.0,10.0,25.0,48.0,-23.0,18.0,10.0,3,13
146,Røa,Trondheims-Ørn,2.0,1.0,2018,38.0,22.7,40.0,24.0,21.8,25.0,7.0,42.0,42.0,0.0,32.0,14.0,10.0,25.0,48.0,-23.0,18.0,10.0,10,13
147,Vålerenga,Trondheims-Ørn,0.0,1.0,2018,32.0,25.6,36.0,24.0,21.8,25.0,6.0,37.0,35.0,2.0,33.0,9.0,10.0,25.0,48.0,-23.0,18.0,10.0,14,13
148,Arna-Bjørnar,Trondheims-Ørn,6.0,1.0,2018,51.0,21.9,52.0,24.0,21.8,25.0,3.0,53.0,26.0,27.0,39.0,15.0,10.0,25.0,48.0,-23.0,18.0,10.0,0,13
149,LSK Kvinner,Trondheims-Ørn,5.0,0.0,2018,64.0,24.1,68.0,24.0,21.8,25.0,1.0,71.0,15.0,56.0,61.0,21.0,10.0,25.0,48.0,-23.0,18.0,10.0,7,13
150,Stabæk,Trondheims-Ørn,2.0,0.0,2018,29.0,23.6,29.0,24.0,21.8,25.0,8.0,29.0,37.0,-8.0,23.0,9.0,10.0,25.0,48.0,-23.0,18.0,10.0,12,13
151,Avaldsnes,Trondheims-Ørn,2.0,0.0,2018,21.0,24.0,24.0,24.0,21.8,25.0,9.0,24.0,38.0,-14.0,21.0,5.0,10.0,25.0,48.0,-23.0,18.0,10.0,1,13
152,Lyn,Trondheims-Ørn,2.0,3.0,2018,24.0,19.8,26.0,24.0,21.8,25.0,11.0,27.0,56.0,-29.0,12.0,9.0,10.0,25.0,48.0,-23.0,18.0,10.0,8,13
153,Kolbotn,Trondheims-Ørn,3.0,3.0,2018,32.0,21.2,34.0,24.0,21.8,25.0,5.0,34.0,35.0,-1.0,39.0,9.0,10.0,25.0,48.0,-23.0,18.0,10.0,6,13
154,Sandviken,Avaldsnes,1.0,0.0,2018,40.0,26.4,40.0,21.0,24.0,24.0,4.0,42.0,29.0,13.0,39.0,15.0,9.0,24.0,38.0,-14.0,21.0,5.0,11,1
155,Klepp,Avaldsnes,2.0,1.0,2018,37.0,25.1,39.0,21.0,24.0,24.0,2.0,39.0,21.0,18.0,48.0,10.0,9.0,24.0,38.0,-14.0,21.0,5.0,5,1
156,Grand Bodø,Avaldsnes,0.0,1.0,2018,18.0,23.4,19.0,21.0,24.0,24.0,12.0,20.0,61.0,-41.0,8.0,5.0,9.0,24.0,38.0,-14.0,21.0,5.0,3,1
157,Røa,Avaldsnes,2.0,0.0,2018,38.0,22.7,40.0,21.0,24.0,24.0,7.0,42.0,42.0,0.0,32.0,14.0,9.0,24.0,38.0,-14.0,21.0,5.0,10,1
158,Vålerenga,Avaldsnes,2.0,1.0,2018,32.0,25.6,36.0,21.0,24.0,24.0,6.0,37.0,35.0,2.0,33.0,9.0,9.0,24.0,38.0,-14.0,21.0,5.0,14,1
159,Arna-Bjørnar,Avaldsnes,4.0,1.0,2018,51.0,21.9,52.0,21.0,24.0,24.0,3.0,53.0,26.0,27.0,39.0,15.0,9.0,24.0,38.0,-14.0,21.0,5.0,0,1
160,LSK Kvinner,Avaldsnes,4.0,0.0,2018,64.0,24.1,68.0,21.0,24.0,24.0,1.0,71.0,15.0,56.0,61.0,21.0,9.0,24.0,38.0,-14.0,21.0,5.0,7,1
161,Trondheims-Ørn,Avaldsnes,1.0,1.0,2018,24.0,21.8,25.0,21.0,24.0,24.0,10.0,25.0,48.0,-23.0,18.0,10.0,9.0,24.0,38.0,-14.0,21.0,5.0,13,1
162,Stabæk,Avaldsnes,4.0,2.0,2018,29.0,23.6,29.0,21.0,24.0,24.0,8.0,29.0,37.0,-8.0,23.0,9.0,9.0,24.0,38.0,-14.0,21.0,5.0,12,1
163,Lyn,Avaldsnes,2.0,2.0,2018,24.0,19.8,26.0,21.0,24.0,24.0,11.0,27.0,56.0,-29.0,12.0,9.0,9.0,24.0,38.0,-14.0,21.0,5.0,8,1
164,Kolbotn,Avaldsnes,2.0,0.0,2018,32.0,21.2,34.0,21.0,24.0,24.0,5.0,34.0,35.0,-1.0,39.0,9.0,9.0,24.0,38.0,-14.0,21.0,5.0,6,1
165,Sandviken,Klepp,1.0,0.0,2018,40.0,26.4,40.0,37.0,25.1,39.0,4.0,42.0,29.0,13.0,39.0,15.0,2.0,39.0,21.0,18.0,48.0,10.0,11,5
166,Grand Bodø,Klepp,3.0,5.0,2018,18.0,23.4,19.0,37.0,25.1,39.0,12.0,20.0,61.0,-41.0,8.0,5.0,2.0,39.0,21.0,18.0,48.0,10.0,3,5
167,Røa,Klepp,0.0,1.0,2018,38.0,22.7,40.0,37.0,25.1,39.0,7.0,42.0,42.0,0.0,32.0,14.0,2.0,39.0,21.0,18.0,48.0,10.0,10,5
168,Vålerenga,Klepp,1.0,1.0,2018,32.0,25.6,36.0,37.0,25.1,39.0,6.0,37.0,35.0,2.0,33.0,9.0,2.0,39.0,21.0,18.0,48.0,10.0,14,5
169,Arna-Bjørnar,Klepp,0.0,0.0,2018,51.0,21.9,52.0,37.0,25.1,39.0,3.0,53.0,26.0,27.0,39.0,15.0,2.0,39.0,21.0,18.0,48.0,10.0,0,5
170,LSK Kvinner,Klepp,2.0,3.0,2018,64.0,24.1,68.0,37.0,25.1,39.0,1.0,71.0,15.0,56.0,61.0,21.0,2.0,39.0,21.0,18.0,48.0,10.0,7,5
171,Trondheims-Ørn,Klepp,0.0,1.0,2018,24.0,21.8,25.0,37.0,25.1,39.0,10.0,25.0,48.0,-23.0,18.0,10.0,2.0,39.0,21.0,18.0,48.0,10.0,13,5
172,Stabæk,Klepp,0.0,1.0,2018,29.0,23.6,29.0,37.0,25.1,39.0,8.0,29.0,37.0,-8.0,23.0,9.0,2.0,39.0,21.0,18.0,48.0,10.0,12,5
173,Avaldsnes,Klepp,1.0,2.0,2018,21.0,24.0,24.0,37.0,25.1,39.0,9.0,24.0,38.0,-14.0,21.0,5.0,2.0,39.0,21.0,18.0,48.0,10.0,1,5
174,Lyn,Klepp,0.0,1.0,2018,24.0,19.8,26.0,37.0,25.1,39.0,11.0,27.0,56.0,-29.0,12.0,9.0,2.0,39.0,21.0,18.0,48.0,10.0,8,5
175,Kolbotn,Klepp,3.0,1.0,2018,32.0,21.2,34.0,37.0,25.1,39.0,5.0,34.0,35.0,-1.0,39.0,9.0,2.0,39.0,21.0,18.0,48.0,10.0,6,5
176,Sandviken,Vålerenga,3.0,0.0,2018,40.0,26.4,40.0,32.0,25.6,36.0,4.0,42.0,29.0,13.0,39.0,15.0,6.0,37.0,35.0,2.0,33.0,9.0,11,14
177,Klepp,Vålerenga,3.0,0.0,2018,37.0,25.1,39.0,32.0,25.6,36.0,2.0,39.0,21.0,18.0,48.0,10.0,6.0,37.0,35.0,2.0,33.0,9.0,5,14
178,Grand Bodø,Vålerenga,1.0,2.0,2018,18.0,23.4,19.0,32.0,25.6,36.0,12.0,20.0,61.0,-41.0,8.0,5.0,6.0,37.0,35.0,2.0,33.0,9.0,3,14
179,Røa,Vålerenga,2.0,1.0,2018,38.0,22.7,40.0,32.0,25.6,36.0,7.0,42.0,42.0,0.0,32.0,14.0,6.0,37.0,35.0,2.0,33.0,9.0,10,14
180,Arna-Bjørnar,Vålerenga,3.0,2.0,2018,51.0,21.9,52.0,32.0,25.6,36.0,3.0,53.0,26.0,27.0,39.0,15.0,6.0,37.0,35.0,2.0,33.0,9.0,0,14
181,LSK Kvinner,Vålerenga,2.0,0.0,2018,64.0,24.1,68.0,32.0,25.6,36.0,1.0,71.0,15.0,56.0,61.0,21.0,6.0,37.0,35.0,2.0,33.0,9.0,7,14
182,Trondheims-Ørn,Vålerenga,1.0,3.0,2018,24.0,21.8,25.0,32.0,25.6,36.0,10.0,25.0,48.0,-23.0,18.0,10.0,6.0,37.0,35.0,2.0,33.0,9.0,13,14
183,Stabæk,Vålerenga,0.0,1.0,2018,29.0,23.6,29.0,32.0,25.6,36.0,8.0,29.0,37.0,-8.0,23.0,9.0,6.0,37.0,35.0,2.0,33.0,9.0,12,14
184,Avaldsnes,Vålerenga,0.0,3.0,2018,21.0,24.0,24.0,32.0,25.6,36.0,9.0,24.0,38.0,-14.0,21.0,5.0,6.0,37.0,35.0,2.0,33.0,9.0,1,14
185,Lyn,Vålerenga,1.0,1.0,2018,24.0,19.8,26.0,32.0,25.6,36.0,11.0,27.0,56.0,-29.0,12.0,9.0,6.0,37.0,35.0,2.0,33.0,9.0,8,14
186,Kolbotn,Vålerenga,3.0,1.0,2018,32.0,21.2,34.0,32.0,25.6,36.0,5.0,34.0,35.0,-1.0,39.0,9.0,6.0,37.0,35.0,2.0,33.0,9.0,6,14
187,Sandviken,Lyn,6.0,0.0,2018,40.0,26.4,40.0,24.0,19.8,26.0,4.0,42.0,29.0,13.0,39.0,15.0,11.0,27.0,56.0,-29.0,12.0,9.0,11,8
188,Klepp,Lyn,3.0,2.0,2018,37.0,25.1,39.0,24.0,19.8,26.0,2.0,39.0,21.0,18.0,48.0,10.0,11.0,27.0,56.0,-29.0,12.0,9.0,5,8
189,Grand Bodø,Lyn,1.0,0.0,2018,18.0,23.4,19.0,24.0,19.8,26.0,12.0,20.0,61.0,-41.0,8.0,5.0,11.0,27.0,56.0,-29.0,12.0,9.0,3,8
190,Røa,Lyn,1.0,2.0,2018,38.0,22.7,40.0,24.0,19.8,26.0,7.0,42.0,42.0,0.0,32.0,14.0,11.0,27.0,56.0,-29.0,12.0,9.0,10,8
191,Vålerenga,Lyn,6.0,1.0,2018,32.0,25.6,36.0,24.0,19.8,26.0,6.0,37.0,35.0,2.0,33.0,9.0,11.0,27.0,56.0,-29.0,12.0,9.0,14,8
192,Arna-Bjørnar,Lyn,2.0,1.0,2018,51.0,21.9,52.0,24.0,19.8,26.0,3.0,53.0,26.0,27.0,39.0,15.0,11.0,27.0,56.0,-29.0,12.0,9.0,0,8
193,LSK Kvinner,Lyn,2.0,1.0,2018,64.0,24.1,68.0,24.0,19.8,26.0,1.0,71.0,15.0,56.0,61.0,21.0,11.0,27.0,56.0,-29.0,12.0,9.0,7,8
194,Trondheims-Ørn,Lyn,1.0,1.0,2018,24.0,21.8,25.0,24.0,19.8,26.0,10.0,25.0,48.0,-23.0,18.0,10.0,11.0,27.0,56.0,-29.0,12.0,9.0,13,8
195,Stabæk,Lyn,5.0,0.0,2018,29.0,23.6,29.0,24.0,19.8,26.0,8.0,29.0,37.0,-8.0,23.0,9.0,11.0,27.0,56.0,-29.0,12.0,9.0,12,8
196,Avaldsnes,Lyn,3.0,0.0,2018,21.0,24.0,24.0,24.0,19.8,26.0,9.0,24.0,38.0,-14.0,21.0,5.0,11.0,27.0,56.0,-29.0,12.0,9.0,1,8
197,Kolbotn,Lyn,1.0,0.0,2018,32.0,21.2,34.0,24.0,19.8,26.0,5.0,34.0,35.0,-1.0,39.0,9.0,11.0,27.0,56.0,-29.0,12.0,9.0,6,8
198,Sandviken,Stabæk,1.0,3.0,2018,40.0,26.4,40.0,29.0,23.6,29.0,4.0,42.0,29.0,13.0,39.0,15.0,8.0,29.0,37.0,-8.0,23.0,9.0,11,12
199,Klepp,Stabæk,2.0,0.0,2018,37.0,25.1,39.0,29.0,23.6,29.0,2.0,39.0,21.0,18.0,48.0,10.0,8.0,29.0,37.0,-8.0,23.0,9.0,5,12
200,Grand Bodø,Stabæk,0.0,3.0,2018,18.0,23.4,19.0,29.0,23.6,29.0,12.0,20.0,61.0,-41.0,8.0,5.0,8.0,29.0,37.0,-8.0,23.0,9.0,3,12
201,Røa,Stabæk,2.0,0.0,2018,38.0,22.7,40.0,29.0,23.6,29.0,7.0,42.0,42.0,0.0,32.0,14.0,8.0,29.0,37.0,-8.0,23.0,9.0,10,12
202,Vålerenga,Stabæk,5.0,0.0,2018,32.0,25.6,36.0,29.0,23.6,29.0,6.0,37.0,35.0,2.0,33.0,9.0,8.0,29.0,37.0,-8.0,23.0,9.0,14,12
203,Arna-Bjørnar,Stabæk,6.0,2.0,2018,51.0,21.9,52.0,29.0,23.6,29.0,3.0,53.0,26.0,27.0,39.0,15.0,8.0,29.0,37.0,-8.0,23.0,9.0,0,12
204,LSK Kvinner,Stabæk,1.0,0.0,2018,64.0,24.1,68.0,29.0,23.6,29.0,1.0,71.0,15.0,56.0,61.0,21.0,8.0,29.0,37.0,-8.0,23.0,9.0,7,12
205,Trondheims-Ørn,Stabæk,1.0,0.0,2018,24.0,21.8,25.0,29.0,23.6,29.0,10.0,25.0,48.0,-23.0,18.0,10.0,8.0,29.0,37.0,-8.0,23.0,9.0,13,12
206,Avaldsnes,Stabæk,2.0,0.0,2018,21.0,24.0,24.0,29.0,23.6,29.0,9.0,24.0,38.0,-14.0,21.0,5.0,8.0,29.0,37.0,-8.0,23.0,9.0,1,12
207,Lyn,Stabæk,2.0,3.0,2018,24.0,19.8,26.0,29.0,23.6,29.0,11.0,27.0,56.0,-29.0,12.0,9.0,8.0,29.0,37.0,-8.0,23.0,9.0,8,12
208,Kolbotn,Stabæk,1.0,1.0,2018,32.0,21.2,34.0,29.0,23.6,29.0,5.0,34.0,35.0,-1.0,39.0,9.0,8.0,29.0,37.0,-8.0,23.0,9.0,6,12
209,Sandviken,Røa,5.0,3.0,2018,40.0,26.4,40.0,38.0,22.7,40.0,4.0,42.0,29.0,13.0,39.0,15.0,7.0,42.0,42.0,0.0,32.0,14.0,11,10
210,Klepp,Røa,2.0,1.0,2018,37.0,25.1,39.0,38.0,22.7,40.0,2.0,39.0,21.0,18.0,48.0,10.0,7.0,42.0,42.0,0.0,32.0,14.0,5,10
211,Grand Bodø,Røa,1.0,3.0,2018,18.0,23.4,19.0,38.0,22.7,40.0,12.0,20.0,61.0,-41.0,8.0,5.0,7.0,42.0,42.0,0.0,32.0,14.0,3,10
212,Vålerenga,Røa,2.0,1.0,2018,32.0,25.6,36.0,38.0,22.7,40.0,6.0,37.0,35.0,2.0,33.0,9.0,7.0,42.0,42.0,0.0,32.0,14.0,14,10
213,Arna-Bjørnar,Røa,2.0,0.0,2018,51.0,21.9,52.0,38.0,22.7,40.0,3.0,53.0,26.0,27.0,39.0,15.0,7.0,42.0,42.0,0.0,32.0,14.0,0,10
214,LSK Kvinner,Røa,6.0,2.0,2018,64.0,24.1,68.0,38.0,22.7,40.0,1.0,71.0,15.0,56.0,61.0,21.0,7.0,42.0,42.0,0.0,32.0,14.0,7,10
215,Trondheims-Ørn,Røa,1.0,0.0,2018,24.0,21.8,25.0,38.0,22.7,40.0,10.0,25.0,48.0,-23.0,18.0,10.0,7.0,42.0,42.0,0.0,32.0,14.0,13,10
216,Stabæk,Røa,1.0,3.0,2018,29.0,23.6,29.0,38.0,22.7,40.0,8.0,29.0,37.0,-8.0,23.0,9.0,7.0,42.0,42.0,0.0,32.0,14.0,12,10
217,Avaldsnes,Røa,2.0,2.0,2018,21.0,24.0,24.0,38.0,22.7,40.0,9.0,24.0,38.0,-14.0,21.0,5.0,7.0,42.0,42.0,0.0,32.0,14.0,1,10
218,Lyn,Røa,3.0,4.0,2018,24.0,19.8,26.0,38.0,22.7,40.0,11.0,27.0,56.0,-29.0,12.0,9.0,7.0,42.0,42.0,0.0,32.0,14.0,8,10
219,Kolbotn,Røa,0.0,2.0,2018,32.0,21.2,34.0,38.0,22.7,40.0,5.0,34.0,35.0,-1.0,39.0,9.0,7.0,42.0,42.0,0.0,32.0,14.0,6,10
220,Sandviken,Grand Bodø,4.0,1.0,2018,40.0,26.4,40.0,18.0,23.4,19.0,4.0,42.0,29.0,13.0,39.0,15.0,12.0,20.0,61.0,-41.0,8.0,5.0,11,3
221,Klepp,Grand Bodø,6.0,0.0,2018,37.0,25.1,39.0,18.0,23.4,19.0,2.0,39.0,21.0,18.0,48.0,10.0,12.0,20.0,61.0,-41.0,8.0,5.0,5,3
222,Røa,Grand Bodø,4.0,1.0,2018,38.0,22.7,40.0,18.0,23.4,19.0,7.0,42.0,42.0,0.0,32.0,14.0,12.0,20.0,61.0,-41.0,8.0,5.0,10,3
223,Vålerenga,Grand Bodø,3.0,2.0,2018,32.0,25.6,36.0,18.0,23.4,19.0,6.0,37.0,35.0,2.0,33.0,9.0,12.0,20.0,61.0,-41.0,8.0,5.0,14,3
224,Arna-Bjørnar,Grand Bodø,5.0,0.0,2018,51.0,21.9,52.0,18.0,23.4,19.0,3.0,53.0,26.0,27.0,39.0,15.0,12.0,20.0,61.0,-41.0,8.0,5.0,0,3
225,LSK Kvinner,Grand Bodø,2.0,0.0,2018,64.0,24.1,68.0,18.0,23.4,19.0,1.0,71.0,15.0,56.0,61.0,21.0,12.0,20.0,61.0,-41.0,8.0,5.0,7,3
226,Trondheims-Ørn,Grand Bodø,0.0,0.0,2018,24.0,21.8,25.0,18.0,23.4,19.0,10.0,25.0,48.0,-23.0,18.0,10.0,12.0,20.0,61.0,-41.0,8.0,5.0,13,3
227,Stabæk,Grand Bodø,2.0,0.0,2018,29.0,23.6,29.0,18.0,23.4,19.0,8.0,29.0,37.0,-8.0,23.0,9.0,12.0,20.0,61.0,-41.0,8.0,5.0,12,3
228,Avaldsnes,Grand Bodø,3.0,3.0,2018,21.0,24.0,24.0,18.0,23.4,19.0,9.0,24.0,38.0,-14.0,21.0,5.0,12.0,20.0,61.0,-41.0,8.0,5.0,1,3
229,Lyn,Grand Bodø,2.0,1.0,2018,24.0,19.8,26.0,18.0,23.4,19.0,11.0,27.0,56.0,-29.0,12.0,9.0,12.0,20.0,61.0,-41.0,8.0,5.0,8,3
230,Kolbotn,Grand Bodø,3.0,2.0,2018,32.0,21.2,34.0,18.0,23.4,19.0,5.0,34.0,35.0,-1.0,39.0,9.0,12.0,20.0,61.0,-41.0,8.0,5.0,6,3
231,Sandviken,Arna-Bjørnar,1.0,1.0,2018,40.0,26.4,40.0,51.0,21.9,52.0,4.0,42.0,29.0,13.0,39.0,15.0,3.0,53.0,26.0,27.0,39.0,15.0,11,0
232,Klepp,Arna-Bjørnar,1.0,2.0,2018,37.0,25.1,39.0,51.0,21.9,52.0,2.0,39.0,21.0,18.0,48.0,10.0,3.0,53.0,26.0,27.0,39.0,15.0,5,0
233,Grand Bodø,Arna-Bjørnar,0.0,4.0,2018,18.0,23.4,19.0,51.0,21.9,52.0,12.0,20.0,61.0,-41.0,8.0,5.0,3.0,53.0,26.0,27.0,39.0,15.0,3,0
234,Røa,Arna-Bjørnar,2.0,2.0,2018,38.0,22.7,40.0,51.0,21.9,52.0,7.0,42.0,42.0,0.0,32.0,14.0,3.0,53.0,26.0,27.0,39.0,15.0,10,0
235,Vålerenga,Arna-Bjørnar,1.0,1.0,2018,32.0,25.6,36.0,51.0,21.9,52.0,6.0,37.0,35.0,2.0,33.0,9.0,3.0,53.0,26.0,27.0,39.0,15.0,14,0
236,LSK Kvinner,Arna-Bjørnar,2.0,0.0,2018,64.0,24.1,68.0,51.0,21.9,52.0,1.0,71.0,15.0,56.0,61.0,21.0,3.0,53.0,26.0,27.0,39.0,15.0,7,0
237,Trondheims-Ørn,Arna-Bjørnar,2.0,6.0,2018,24.0,21.8,25.0,51.0,21.9,52.0,10.0,25.0,48.0,-23.0,18.0,10.0,3.0,53.0,26.0,27.0,39.0,15.0,13,0
238,Stabæk,Arna-Bjørnar,2.0,2.0,2018,29.0,23.6,29.0,51.0,21.9,52.0,8.0,29.0,37.0,-8.0,23.0,9.0,3.0,53.0,26.0,27.0,39.0,15.0,12,0
239,Avaldsnes,Arna-Bjørnar,1.0,0.0,2018,21.0,24.0,24.0,51.0,21.9,52.0,9.0,24.0,38.0,-14.0,21.0,5.0,3.0,53.0,26.0,27.0,39.0,15.0,1,0
240,Lyn,Arna-Bjørnar,2.0,1.0,2018,24.0,19.8,26.0,51.0,21.9,52.0,11.0,27.0,56.0,-29.0,12.0,9.0,3.0,53.0,26.0,27.0,39.0,15.0,8,0
241,Kolbotn,Arna-Bjørnar,1.0,4.0,2018,32.0,21.2,34.0,51.0,21.9,52.0,5.0,34.0,35.0,-1.0,39.0,9.0,3.0,53.0,26.0,27.0,39.0,15.0,6,0
242,Sandviken,LSK Kvinner,0.0,0.0,2018,40.0,26.4,40.0,64.0,24.1,68.0,4.0,42.0,29.0,13.0,39.0,15.0,1.0,71.0,15.0,56.0,61.0,21.0,11,7
243,Klepp,LSK Kvinner,0.0,2.0,2018,37.0,25.1,39.0,64.0,24.1,68.0,2.0,39.0,21.0,18.0,48.0,10.0,1.0,71.0,15.0,56.0,61.0,21.0,5,7
244,Grand Bodø,LSK Kvinner,0.0,3.0,2018,18.0,23.4,19.0,64.0,24.1,68.0,12.0,20.0,61.0,-41.0,8.0,5.0,1.0,71.0,15.0,56.0,61.0,21.0,3,7
245,Røa,LSK Kvinner,2.0,5.0,2018,38.0,22.7,40.0,64.0,24.1,68.0,7.0,42.0,42.0,0.0,32.0,14.0,1.0,71.0,15.0,56.0,61.0,21.0,10,7
246,Vålerenga,LSK Kvinner,0.0,5.0,2018,32.0,25.6,36.0,64.0,24.1,68.0,6.0,37.0,35.0,2.0,33.0,9.0,1.0,71.0,15.0,56.0,61.0,21.0,14,7
247,Arna-Bjørnar,LSK Kvinner,0.0,1.0,2018,51.0,21.9,52.0,64.0,24.1,68.0,3.0,53.0,26.0,27.0,39.0,15.0,1.0,71.0,15.0,56.0,61.0,21.0,0,7
248,Trondheims-Ørn,LSK Kvinner,2.0,3.0,2018,24.0,21.8,25.0,64.0,24.1,68.0,10.0,25.0,48.0,-23.0,18.0,10.0,1.0,71.0,15.0,56.0,61.0,21.0,13,7
249,Stabæk,LSK Kvinner,0.0,2.0,2018,29.0,23.6,29.0,64.0,24.1,68.0,8.0,29.0,37.0,-8.0,23.0,9.0,1.0,71.0,15.0,56.0,61.0,21.0,12,7
250,Avaldsnes,LSK Kvinner,1.0,4.0,2018,21.0,24.0,24.0,64.0,24.1,68.0,9.0,24.0,38.0,-14.0,21.0,5.0,1.0,71.0,15.0,56.0,61.0,21.0,1,7
251,Lyn,LSK Kvinner,3.0,4.0,2018,24.0,19.8,26.0,64.0,24.1,68.0,11.0,27.0,56.0,-29.0,12.0,9.0,1.0,71.0,15.0,56.0,61.0,21.0,8,7
252,Kolbotn,LSK Kvinner,0.0,5.0,2018,32.0,21.2,34.0,64.0,24.1,68.0,5.0,34.0,35.0,-1.0,39.0,9.0,1.0,71.0,15.0,56.0,61.0,21.0,6,7
253,Klepp,Sandviken,1.0,1.0,2018,37.0,25.1,39.0,40.0,26.4,40.0,2.0,39.0,21.0,18.0,48.0,10.0,4.0,42.0,29.0,13.0,39.0,15.0,5,11
254,Grand Bodø,Sandviken,1.0,3.0,2018,18.0,23.4,19.0,40.0,26.4,40.0,12.0,20.0,61.0,-41.0,8.0,5.0,4.0,42.0,29.0,13.0,39.0,15.0,3,11
255,Røa,Sandviken,3.0,2.0,2018,38.0,22.7,40.0,40.0,26.4,40.0,7.0,42.0,42.0,0.0,32.0,14.0,4.0,42.0,29.0,13.0,39.0,15.0,10,11
256,Vålerenga,Sandviken,1.0,0.0,2018,32.0,25.6,36.0,40.0,26.4,40.0,6.0,37.0,35.0,2.0,33.0,9.0,4.0,42.0,29.0,13.0,39.0,15.0,14,11
257,Arna-Bjørnar,Sandviken,1.0,2.0,2018,51.0,21.9,52.0,40.0,26.4,40.0,3.0,53.0,26.0,27.0,39.0,15.0,4.0,42.0,29.0,13.0,39.0,15.0,0,11
258,LSK Kvinner,Sandviken,6.0,0.0,2018,64.0,24.1,68.0,40.0,26.4,40.0,1.0,71.0,15.0,56.0,61.0,21.0,4.0,42.0,29.0,13.0,39.0,15.0,7,11
259,Trondheims-Ørn,Sandviken,3.0,3.0,2018,24.0,21.8,25.0,40.0,26.4,40.0,10.0,25.0,48.0,-23.0,18.0,10.0,4.0,42.0,29.0,13.0,39.0,15.0,13,11
260,Stabæk,Sandviken,0.0,1.0,2018,29.0,23.6,29.0,40.0,26.4,40.0,8.0,29.0,37.0,-8.0,23.0,9.0,4.0,42.0,29.0,13.0,39.0,15.0,12,11
261,Avaldsnes,Sandviken,0.0,0.0,2018,21.0,24.0,24.0,40.0,26.4,40.0,9.0,24.0,38.0,-14.0,21.0,5.0,4.0,42.0,29.0,13.0,39.0,15.0,1,11
262,Lyn,Sandviken,2.0,4.0,2018,24.0,19.8,26.0,40.0,26.4,40.0,11.0,27.0,56.0,-29.0,12.0,9.0,4.0,42.0,29.0,13.0,39.0,15.0,8,11
263,Kolbotn,Sandviken,1.0,1.0,2018,32.0,21.2,34.0,40.0,26.4,40.0,5.0,34.0,35.0,-1.0,39.0,9.0,4.0,42.0,29.0,13.0,39.0,15.0,6,11
264,LSK Kvinner,Kolbotn,4.0,3.0,2019,44.0,25.3,50.0,32.0,21.8,35.0,1.0,51.0,18.0,33.0,50.0,12.0,8.0,35.0,39.0,-4.0,27.0,8.0,7,6
265,Sandviken,Kolbotn,2.0,2.0,2019,40.0,25.3,43.0,32.0,21.8,35.0,4.0,43.0,32.0,11.0,40.0,17.0,8.0,35.0,39.0,-4.0,27.0,8.0,11,6
266,Klepp,Kolbotn,3.0,0.0,2019,47.0,25.0,48.0,32.0,21.8,35.0,3.0,48.0,19.0,29.0,44.0,10.0,8.0,35.0,39.0,-4.0,27.0,8.0,5,6
267,Lyn,Kolbotn,0.0,0.0,2019,22.0,20.1,23.0,32.0,21.8,35.0,10.0,23.0,37.0,-14.0,20.0,10.0,8.0,35.0,39.0,-4.0,27.0,8.0,8,6
268,Trondheims-Ørn,Kolbotn,4.0,0.0,2019,24.0,21.9,26.0,32.0,21.8,35.0,7.0,26.0,22.0,4.0,29.0,9.0,8.0,35.0,39.0,-4.0,27.0,8.0,13,6
269,Vålerenga,Kolbotn,1.0,0.0,2019,40.0,25.2,41.0,32.0,21.8,35.0,2.0,41.0,24.0,17.0,46.0,11.0,8.0,35.0,39.0,-4.0,27.0,8.0,14,6
270,Arna-Bjørnar,Kolbotn,1.0,3.0,2019,26.0,22.4,26.0,32.0,21.8,35.0,9.0,26.0,41.0,-15.0,23.0,7.0,8.0,35.0,39.0,-4.0,27.0,8.0,0,6
271,Avaldsnes,Kolbotn,2.0,1.0,2019,36.0,24.4,40.0,32.0,21.8,35.0,5.0,40.0,33.0,7.0,34.0,9.0,8.0,35.0,39.0,-4.0,27.0,8.0,1,6
272,Røa,Kolbotn,1.0,2.0,2019,35.0,22.9,39.0,32.0,21.8,35.0,6.0,40.0,35.0,5.0,29.0,16.0,8.0,35.0,39.0,-4.0,27.0,8.0,10,6
273,Stabæk,Kolbotn,2.0,0.0,2019,15.0,24.7,16.0,32.0,21.8,35.0,11.0,16.0,43.0,-27.0,13.0,9.0,8.0,35.0,39.0,-4.0,27.0,8.0,12,6
274,Fart,Kolbotn,2.0,3.0,2019,13.0,21.9,14.0,32.0,21.8,35.0,12.0,14.0,60.0,-46.0,10.0,4.0,8.0,35.0,39.0,-4.0,27.0,8.0,2,6
275,LSK Kvinner,Arna-Bjørnar,3.0,1.0,2019,44.0,25.3,50.0,26.0,22.4,26.0,1.0,51.0,18.0,33.0,50.0,12.0,9.0,26.0,41.0,-15.0,23.0,7.0,7,0
276,Sandviken,Arna-Bjørnar,2.0,0.0,2019,40.0,25.3,43.0,26.0,22.4,26.0,4.0,43.0,32.0,11.0,40.0,17.0,9.0,26.0,41.0,-15.0,23.0,7.0,11,0
277,Klepp,Arna-Bjørnar,4.0,0.0,2019,47.0,25.0,48.0,26.0,22.4,26.0,3.0,48.0,19.0,29.0,44.0,10.0,9.0,26.0,41.0,-15.0,23.0,7.0,5,0
278,Lyn,Arna-Bjørnar,4.0,5.0,2019,22.0,20.1,23.0,26.0,22.4,26.0,10.0,23.0,37.0,-14.0,20.0,10.0,9.0,26.0,41.0,-15.0,23.0,7.0,8,0
279,Trondheims-Ørn,Arna-Bjørnar,0.0,0.0,2019,24.0,21.9,26.0,26.0,22.4,26.0,7.0,26.0,22.0,4.0,29.0,9.0,9.0,26.0,41.0,-15.0,23.0,7.0,13,0
280,Vålerenga,Arna-Bjørnar,1.0,0.0,2019,40.0,25.2,41.0,26.0,22.4,26.0,2.0,41.0,24.0,17.0,46.0,11.0,9.0,26.0,41.0,-15.0,23.0,7.0,14,0
281,Avaldsnes,Arna-Bjørnar,2.0,1.0,2019,36.0,24.4,40.0,26.0,22.4,26.0,5.0,40.0,33.0,7.0,34.0,9.0,9.0,26.0,41.0,-15.0,23.0,7.0,1,0
282,Røa,Arna-Bjørnar,6.0,1.0,2019,35.0,22.9,39.0,26.0,22.4,26.0,6.0,40.0,35.0,5.0,29.0,16.0,9.0,26.0,41.0,-15.0,23.0,7.0,10,0
283,Stabæk,Arna-Bjørnar,0.0,1.0,2019,15.0,24.7,16.0,26.0,22.4,26.0,11.0,16.0,43.0,-27.0,13.0,9.0,9.0,26.0,41.0,-15.0,23.0,7.0,12,0
284,Fart,Arna-Bjørnar,1.0,3.0,2019,13.0,21.9,14.0,26.0,22.4,26.0,12.0,14.0,60.0,-46.0,10.0,4.0,9.0,26.0,41.0,-15.0,23.0,7.0,2,0
285,Kolbotn,Arna-Bjørnar,0.0,2.0,2019,32.0,21.8,35.0,26.0,22.4,26.0,8.0,35.0,39.0,-4.0,27.0,8.0,9.0,26.0,41.0,-15.0,23.0,7.0,6,0
286,LSK Kvinner,Røa,1.0,1.0,2019,44.0,25.3,50.0,35.0,22.9,39.0,1.0,51.0,18.0,33.0,50.0,12.0,6.0,40.0,35.0,5.0,29.0,16.0,7,10
287,Sandviken,Røa,0.0,2.0,2019,40.0,25.3,43.0,35.0,22.9,39.0,4.0,43.0,32.0,11.0,40.0,17.0,6.0,40.0,35.0,5.0,29.0,16.0,11,10
288,Klepp,Røa,1.0,0.0,2019,47.0,25.0,48.0,35.0,22.9,39.0,3.0,48.0,19.0,29.0,44.0,10.0,6.0,40.0,35.0,5.0,29.0,16.0,5,10
289,Lyn,Røa,1.0,1.0,2019,22.0,20.1,23.0,35.0,22.9,39.0,10.0,23.0,37.0,-14.0,20.0,10.0,6.0,40.0,35.0,5.0,29.0,16.0,8,10
290,Trondheims-Ørn,Røa,0.0,1.0,2019,24.0,21.9,26.0,35.0,22.9,39.0,7.0,26.0,22.0,4.0,29.0,9.0,6.0,40.0,35.0,5.0,29.0,16.0,13,10
291,Vålerenga,Røa,1.0,1.0,2019,40.0,25.2,41.0,35.0,22.9,39.0,2.0,41.0,24.0,17.0,46.0,11.0,6.0,40.0,35.0,5.0,29.0,16.0,14,10
292,Arna-Bjørnar,Røa,2.0,2.0,2019,26.0,22.4,26.0,35.0,22.9,39.0,9.0,26.0,41.0,-15.0,23.0,7.0,6.0,40.0,35.0,5.0,29.0,16.0,0,10
293,Avaldsnes,Røa,1.0,0.0,2019,36.0,24.4,40.0,35.0,22.9,39.0,5.0,40.0,33.0,7.0,34.0,9.0,6.0,40.0,35.0,5.0,29.0,16.0,1,10
294,Stabæk,Røa,0.0,2.0,2019,15.0,24.7,16.0,35.0,22.9,39.0,11.0,16.0,43.0,-27.0,13.0,9.0,6.0,40.0,35.0,5.0,29.0,16.0,12,10
295,Fart,Røa,1.0,1.0,2019,13.0,21.9,14.0,35.0,22.9,39.0,12.0,14.0,60.0,-46.0,10.0,4.0,6.0,40.0,35.0,5.0,29.0,16.0,2,10
296,Kolbotn,Røa,4.0,4.0,2019,32.0,21.8,35.0,35.0,22.9,39.0,8.0,35.0,39.0,-4.0,27.0,8.0,6.0,40.0,35.0,5.0,29.0,16.0,6,10
297,LSK Kvinner,Stabæk,4.0,0.0,2019,44.0,25.3,50.0,15.0,24.7,16.0,1.0,51.0,18.0,33.0,50.0,12.0,11.0,16.0,43.0,-27.0,13.0,9.0,7,12
298,Sandviken,Stabæk,3.0,0.0,2019,40.0,25.3,43.0,15.0,24.7,16.0,4.0,43.0,32.0,11.0,40.0,17.0,11.0,16.0,43.0,-27.0,13.0,9.0,11,12
299,Klepp,Stabæk,5.0,0.0,2019,47.0,25.0,48.0,15.0,24.7,16.0,3.0,48.0,19.0,29.0,44.0,10.0,11.0,16.0,43.0,-27.0,13.0,9.0,5,12
300,Lyn,Stabæk,2.0,0.0,2019,22.0,20.1,23.0,15.0,24.7,16.0,10.0,23.0,37.0,-14.0,20.0,10.0,11.0,16.0,43.0,-27.0,13.0,9.0,8,12
301,Trondheims-Ørn,Stabæk,3.0,1.0,2019,24.0,21.9,26.0,15.0,24.7,16.0,7.0,26.0,22.0,4.0,29.0,9.0,11.0,16.0,43.0,-27.0,13.0,9.0,13,12
302,Vålerenga,Stabæk,1.0,0.0,2019,40.0,25.2,41.0,15.0,24.7,16.0,2.0,41.0,24.0,17.0,46.0,11.0,11.0,16.0,43.0,-27.0,13.0,9.0,14,12
303,Arna-Bjørnar,Stabæk,2.0,2.0,2019,26.0,22.4,26.0,15.0,24.7,16.0,9.0,26.0,41.0,-15.0,23.0,7.0,11.0,16.0,43.0,-27.0,13.0,9.0,0,12
304,Avaldsnes,Stabæk,4.0,0.0,2019,36.0,24.4,40.0,15.0,24.7,16.0,5.0,40.0,33.0,7.0,34.0,9.0,11.0,16.0,43.0,-27.0,13.0,9.0,1,12
305,Røa,Stabæk,2.0,1.0,2019,35.0,22.9,39.0,15.0,24.7,16.0,6.0,40.0,35.0,5.0,29.0,16.0,11.0,16.0,43.0,-27.0,13.0,9.0,10,12
306,Fart,Stabæk,1.0,0.0,2019,13.0,21.9,14.0,15.0,24.7,16.0,12.0,14.0,60.0,-46.0,10.0,4.0,11.0,16.0,43.0,-27.0,13.0,9.0,2,12
307,Kolbotn,Stabæk,3.0,2.0,2019,32.0,21.8,35.0,15.0,24.7,16.0,8.0,35.0,39.0,-4.0,27.0,8.0,11.0,16.0,43.0,-27.0,13.0,9.0,6,12
308,LSK Kvinner,Lyn,6.0,0.0,2019,44.0,25.3,50.0,22.0,20.1,23.0,1.0,51.0,18.0,33.0,50.0,12.0,10.0,23.0,37.0,-14.0,20.0,10.0,7,8
309,Sandviken,Lyn,2.0,1.0,2019,40.0,25.3,43.0,22.0,20.1,23.0,4.0,43.0,32.0,11.0,40.0,17.0,10.0,23.0,37.0,-14.0,20.0,10.0,11,8
310,Klepp,Lyn,1.0,0.0,2019,47.0,25.0,48.0,22.0,20.1,23.0,3.0,48.0,19.0,29.0,44.0,10.0,10.0,23.0,37.0,-14.0,20.0,10.0,5,8
311,Trondheims-Ørn,Lyn,1.0,1.0,2019,24.0,21.9,26.0,22.0,20.1,23.0,7.0,26.0,22.0,4.0,29.0,9.0,10.0,23.0,37.0,-14.0,20.0,10.0,13,8
312,Vålerenga,Lyn,0.0,1.0,2019,40.0,25.2,41.0,22.0,20.1,23.0,2.0,41.0,24.0,17.0,46.0,11.0,10.0,23.0,37.0,-14.0,20.0,10.0,14,8
313,Arna-Bjørnar,Lyn,1.0,1.0,2019,26.0,22.4,26.0,22.0,20.1,23.0,9.0,26.0,41.0,-15.0,23.0,7.0,10.0,23.0,37.0,-14.0,20.0,10.0,0,8
314,Avaldsnes,Lyn,3.0,1.0,2019,36.0,24.4,40.0,22.0,20.1,23.0,5.0,40.0,33.0,7.0,34.0,9.0,10.0,23.0,37.0,-14.0,20.0,10.0,1,8
315,Røa,Lyn,2.0,3.0,2019,35.0,22.9,39.0,22.0,20.1,23.0,6.0,40.0,35.0,5.0,29.0,16.0,10.0,23.0,37.0,-14.0,20.0,10.0,10,8
316,Stabæk,Lyn,1.0,0.0,2019,15.0,24.7,16.0,22.0,20.1,23.0,11.0,16.0,43.0,-27.0,13.0,9.0,10.0,23.0,37.0,-14.0,20.0,10.0,12,8
317,Fart,Lyn,2.0,2.0,2019,13.0,21.9,14.0,22.0,20.1,23.0,12.0,14.0,60.0,-46.0,10.0,4.0,10.0,23.0,37.0,-14.0,20.0,10.0,2,8
318,Kolbotn,Lyn,0.0,0.0,2019,32.0,21.8,35.0,22.0,20.1,23.0,8.0,35.0,39.0,-4.0,27.0,8.0,10.0,23.0,37.0,-14.0,20.0,10.0,6,8
319,IF Fløya,Lyn,0.0,5.0,2019,,,,22.0,20.1,23.0,,,,,,,10.0,23.0,37.0,-14.0,20.0,10.0,4,8
320,LSK Kvinner,Klepp,0.0,1.0,2019,44.0,25.3,50.0,47.0,25.0,48.0,1.0,51.0,18.0,33.0,50.0,12.0,3.0,48.0,19.0,29.0,44.0,10.0,7,5
321,Sandviken,Klepp,2.0,1.0,2019,40.0,25.3,43.0,47.0,25.0,48.0,4.0,43.0,32.0,11.0,40.0,17.0,3.0,48.0,19.0,29.0,44.0,10.0,11,5
322,Lyn,Klepp,2.0,1.0,2019,22.0,20.1,23.0,47.0,25.0,48.0,10.0,23.0,37.0,-14.0,20.0,10.0,3.0,48.0,19.0,29.0,44.0,10.0,8,5
323,Trondheims-Ørn,Klepp,0.0,1.0,2019,24.0,21.9,26.0,47.0,25.0,48.0,7.0,26.0,22.0,4.0,29.0,9.0,3.0,48.0,19.0,29.0,44.0,10.0,13,5
324,Vålerenga,Klepp,4.0,0.0,2019,40.0,25.2,41.0,47.0,25.0,48.0,2.0,41.0,24.0,17.0,46.0,11.0,3.0,48.0,19.0,29.0,44.0,10.0,14,5
325,Arna-Bjørnar,Klepp,1.0,0.0,2019,26.0,22.4,26.0,47.0,25.0,48.0,9.0,26.0,41.0,-15.0,23.0,7.0,3.0,48.0,19.0,29.0,44.0,10.0,0,5
326,Avaldsnes,Klepp,1.0,3.0,2019,36.0,24.4,40.0,47.0,25.0,48.0,5.0,40.0,33.0,7.0,34.0,9.0,3.0,48.0,19.0,29.0,44.0,10.0,1,5
327,Røa,Klepp,1.0,4.0,2019,35.0,22.9,39.0,47.0,25.0,48.0,6.0,40.0,35.0,5.0,29.0,16.0,3.0,48.0,19.0,29.0,44.0,10.0,10,5
328,Stabæk,Klepp,0.0,2.0,2019,15.0,24.7,16.0,47.0,25.0,48.0,11.0,16.0,43.0,-27.0,13.0,9.0,3.0,48.0,19.0,29.0,44.0,10.0,12,5
329,Fart,Klepp,1.0,6.0,2019,13.0,21.9,14.0,47.0,25.0,48.0,12.0,14.0,60.0,-46.0,10.0,4.0,3.0,48.0,19.0,29.0,44.0,10.0,2,5
330,Kolbotn,Klepp,0.0,0.0,2019,32.0,21.8,35.0,47.0,25.0,48.0,8.0,35.0,39.0,-4.0,27.0,8.0,3.0,48.0,19.0,29.0,44.0,10.0,6,5
331,LSK Kvinner,Vålerenga,2.0,0.0,2019,44.0,25.3,50.0,40.0,25.2,41.0,1.0,51.0,18.0,33.0,50.0,12.0,2.0,41.0,24.0,17.0,46.0,11.0,7,14
332,Sandviken,Vålerenga,3.0,4.0,2019,40.0,25.3,43.0,40.0,25.2,41.0,4.0,43.0,32.0,11.0,40.0,17.0,2.0,41.0,24.0,17.0,46.0,11.0,11,14
333,Klepp,Vålerenga,5.0,0.0,2019,47.0,25.0,48.0,40.0,25.2,41.0,3.0,48.0,19.0,29.0,44.0,10.0,2.0,41.0,24.0,17.0,46.0,11.0,5,14
334,Lyn,Vålerenga,1.0,2.0,2019,22.0,20.1,23.0,40.0,25.2,41.0,10.0,23.0,37.0,-14.0,20.0,10.0,2.0,41.0,24.0,17.0,46.0,11.0,8,14
335,Trondheims-Ørn,Vålerenga,0.0,1.0,2019,24.0,21.9,26.0,40.0,25.2,41.0,7.0,26.0,22.0,4.0,29.0,9.0,2.0,41.0,24.0,17.0,46.0,11.0,13,14
336,Arna-Bjørnar,Vålerenga,0.0,2.0,2019,26.0,22.4,26.0,40.0,25.2,41.0,9.0,26.0,41.0,-15.0,23.0,7.0,2.0,41.0,24.0,17.0,46.0,11.0,0,14
337,Avaldsnes,Vålerenga,2.0,2.0,2019,36.0,24.4,40.0,40.0,25.2,41.0,5.0,40.0,33.0,7.0,34.0,9.0,2.0,41.0,24.0,17.0,46.0,11.0,1,14
338,Røa,Vålerenga,2.0,6.0,2019,35.0,22.9,39.0,40.0,25.2,41.0,6.0,40.0,35.0,5.0,29.0,16.0,2.0,41.0,24.0,17.0,46.0,11.0,10,14
339,Stabæk,Vålerenga,1.0,3.0,2019,15.0,24.7,16.0,40.0,25.2,41.0,11.0,16.0,43.0,-27.0,13.0,9.0,2.0,41.0,24.0,17.0,46.0,11.0,12,14
340,Fart,Vålerenga,0.0,1.0,2019,13.0,21.9,14.0,40.0,25.2,41.0,12.0,14.0,60.0,-46.0,10.0,4.0,2.0,41.0,24.0,17.0,46.0,11.0,2,14
341,Kolbotn,Vålerenga,1.0,2.0,2019,32.0,21.8,35.0,40.0,25.2,41.0,8.0,35.0,39.0,-4.0,27.0,8.0,2.0,41.0,24.0,17.0,46.0,11.0,6,14
342,LSK Kvinner,Trondheims-Ørn,2.0,0.0,2019,44.0,25.3,50.0,24.0,21.9,26.0,1.0,51.0,18.0,33.0,50.0,12.0,7.0,26.0,22.0,4.0,29.0,9.0,7,13
343,Sandviken,Trondheims-Ørn,1.0,0.0,2019,40.0,25.3,43.0,24.0,21.9,26.0,4.0,43.0,32.0,11.0,40.0,17.0,7.0,26.0,22.0,4.0,29.0,9.0,11,13
344,Klepp,Trondheims-Ørn,2.0,3.0,2019,47.0,25.0,48.0,24.0,21.9,26.0,3.0,48.0,19.0,29.0,44.0,10.0,7.0,26.0,22.0,4.0,29.0,9.0,5,13
345,Lyn,Trondheims-Ørn,0.0,3.0,2019,22.0,20.1,23.0,24.0,21.9,26.0,10.0,23.0,37.0,-14.0,20.0,10.0,7.0,26.0,22.0,4.0,29.0,9.0,8,13
346,Vålerenga,Trondheims-Ørn,3.0,1.0,2019,40.0,25.2,41.0,24.0,21.9,26.0,2.0,41.0,24.0,17.0,46.0,11.0,7.0,26.0,22.0,4.0,29.0,9.0,14,13
347,Arna-Bjørnar,Trondheims-Ørn,0.0,0.0,2019,26.0,22.4,26.0,24.0,21.9,26.0,9.0,26.0,41.0,-15.0,23.0,7.0,7.0,26.0,22.0,4.0,29.0,9.0,0,13
348,Avaldsnes,Trondheims-Ørn,0.0,1.0,2019,36.0,24.4,40.0,24.0,21.9,26.0,5.0,40.0,33.0,7.0,34.0,9.0,7.0,26.0,22.0,4.0,29.0,9.0,1,13
349,Røa,Trondheims-Ørn,2.0,1.0,2019,35.0,22.9,39.0,24.0,21.9,26.0,6.0,40.0,35.0,5.0,29.0,16.0,7.0,26.0,22.0,4.0,29.0,9.0,10,13
350,Stabæk,Trondheims-Ørn,1.0,1.0,2019,15.0,24.7,16.0,24.0,21.9,26.0,11.0,16.0,43.0,-27.0,13.0,9.0,7.0,26.0,22.0,4.0,29.0,9.0,12,13
351,Fart,Trondheims-Ørn,0.0,2.0,2019,13.0,21.9,14.0,24.0,21.9,26.0,12.0,14.0,60.0,-46.0,10.0,4.0,7.0,26.0,22.0,4.0,29.0,9.0,2,13
352,Kolbotn,Trondheims-Ørn,1.0,2.0,2019,32.0,21.8,35.0,24.0,21.9,26.0,8.0,35.0,39.0,-4.0,27.0,8.0,7.0,26.0,22.0,4.0,29.0,9.0,6,13
353,LSK Kvinner,Sandviken,2.0,0.0,2019,44.0,25.3,50.0,40.0,25.3,43.0,1.0,51.0,18.0,33.0,50.0,12.0,4.0,43.0,32.0,11.0,40.0,17.0,7,11
354,Klepp,Sandviken,2.0,3.0,2019,47.0,25.0,48.0,40.0,25.3,43.0,3.0,48.0,19.0,29.0,44.0,10.0,4.0,43.0,32.0,11.0,40.0,17.0,5,11
355,Lyn,Sandviken,1.0,1.0,2019,22.0,20.1,23.0,40.0,25.3,43.0,10.0,23.0,37.0,-14.0,20.0,10.0,4.0,43.0,32.0,11.0,40.0,17.0,8,11
356,Trondheims-Ørn,Sandviken,0.0,1.0,2019,24.0,21.9,26.0,40.0,25.3,43.0,7.0,26.0,22.0,4.0,29.0,9.0,4.0,43.0,32.0,11.0,40.0,17.0,13,11
357,Vålerenga,Sandviken,1.0,1.0,2019,40.0,25.2,41.0,40.0,25.3,43.0,2.0,41.0,24.0,17.0,46.0,11.0,4.0,43.0,32.0,11.0,40.0,17.0,14,11
358,Arna-Bjørnar,Sandviken,1.0,2.0,2019,26.0,22.4,26.0,40.0,25.3,43.0,9.0,26.0,41.0,-15.0,23.0,7.0,4.0,43.0,32.0,11.0,40.0,17.0,0,11
359,Avaldsnes,Sandviken,3.0,2.0,2019,36.0,24.4,40.0,40.0,25.3,43.0,5.0,40.0,33.0,7.0,34.0,9.0,4.0,43.0,32.0,11.0,40.0,17.0,1,11
360,Røa,Sandviken,2.0,2.0,2019,35.0,22.9,39.0,40.0,25.3,43.0,6.0,40.0,35.0,5.0,29.0,16.0,4.0,43.0,32.0,11.0,40.0,17.0,10,11
361,Stabæk,Sandviken,0.0,2.0,2019,15.0,24.7,16.0,40.0,25.3,43.0,11.0,16.0,43.0,-27.0,13.0,9.0,4.0,43.0,32.0,11.0,40.0,17.0,12,11
362,Fart,Sandviken,0.0,3.0,2019,13.0,21.9,14.0,40.0,25.3,43.0,12.0,14.0,60.0,-46.0,10.0,4.0,4.0,43.0,32.0,11.0,40.0,17.0,2,11
363,Kolbotn,Sandviken,3.0,2.0,2019,32.0,21.8,35.0,40.0,25.3,43.0,8.0,35.0,39.0,-4.0,27.0,8.0,4.0,43.0,32.0,11.0,40.0,17.0,6,11
364,LSK Kvinner,Avaldsnes,2.0,1.0,2019,44.0,25.3,50.0,36.0,24.4,40.0,1.0,51.0,18.0,33.0,50.0,12.0,5.0,40.0,33.0,7.0,34.0,9.0,7,1
365,Sandviken,Avaldsnes,6.0,4.0,2019,40.0,25.3,43.0,36.0,24.4,40.0,4.0,43.0,32.0,11.0,40.0,17.0,5.0,40.0,33.0,7.0,34.0,9.0,11,1
366,Klepp,Avaldsnes,1.0,0.0,2019,47.0,25.0,48.0,36.0,24.4,40.0,3.0,48.0,19.0,29.0,44.0,10.0,5.0,40.0,33.0,7.0,34.0,9.0,5,1
367,Lyn,Avaldsnes,2.0,3.0,2019,22.0,20.1,23.0,36.0,24.4,40.0,10.0,23.0,37.0,-14.0,20.0,10.0,5.0,40.0,33.0,7.0,34.0,9.0,8,1
368,Trondheims-Ørn,Avaldsnes,1.0,1.0,2019,24.0,21.9,26.0,36.0,24.4,40.0,7.0,26.0,22.0,4.0,29.0,9.0,5.0,40.0,33.0,7.0,34.0,9.0,13,1
369,Vålerenga,Avaldsnes,1.0,1.0,2019,40.0,25.2,41.0,36.0,24.4,40.0,2.0,41.0,24.0,17.0,46.0,11.0,5.0,40.0,33.0,7.0,34.0,9.0,14,1
370,Arna-Bjørnar,Avaldsnes,0.0,2.0,2019,26.0,22.4,26.0,36.0,24.4,40.0,9.0,26.0,41.0,-15.0,23.0,7.0,5.0,40.0,33.0,7.0,34.0,9.0,0,1
371,Røa,Avaldsnes,2.0,2.0,2019,35.0,22.9,39.0,36.0,24.4,40.0,6.0,40.0,35.0,5.0,29.0,16.0,5.0,40.0,33.0,7.0,34.0,9.0,10,1
372,Stabæk,Avaldsnes,0.0,0.0,2019,15.0,24.7,16.0,36.0,24.4,40.0,11.0,16.0,43.0,-27.0,13.0,9.0,5.0,40.0,33.0,7.0,34.0,9.0,12,1
373,Fart,Avaldsnes,0.0,3.0,2019,13.0,21.9,14.0,36.0,24.4,40.0,12.0,14.0,60.0,-46.0,10.0,4.0,5.0,40.0,33.0,7.0,34.0,9.0,2,1
374,Kolbotn,Avaldsnes,3.0,1.0,2019,32.0,21.8,35.0,36.0,24.4,40.0,8.0,35.0,39.0,-4.0,27.0,8.0,5.0,40.0,33.0,7.0,34.0,9.0,6,1
375,LSK Kvinner,Fart,1.0,2.0,2019,44.0,25.3,50.0,13.0,21.9,14.0,1.0,51.0,18.0,33.0,50.0,12.0,12.0,14.0,60.0,-46.0,10.0,4.0,7,2
376,Sandviken,Fart,2.0,0.0,2019,40.0,25.3,43.0,13.0,21.9,14.0,4.0,43.0,32.0,11.0,40.0,17.0,12.0,14.0,60.0,-46.0,10.0,4.0,11,2
377,Klepp,Fart,4.0,0.0,2019,47.0,25.0,48.0,13.0,21.9,14.0,3.0,48.0,19.0,29.0,44.0,10.0,12.0,14.0,60.0,-46.0,10.0,4.0,5,2
378,Lyn,Fart,0.0,0.0,2019,22.0,20.1,23.0,13.0,21.9,14.0,10.0,23.0,37.0,-14.0,20.0,10.0,12.0,14.0,60.0,-46.0,10.0,4.0,8,2
379,Trondheims-Ørn,Fart,3.0,0.0,2019,24.0,21.9,26.0,13.0,21.9,14.0,7.0,26.0,22.0,4.0,29.0,9.0,12.0,14.0,60.0,-46.0,10.0,4.0,13,2
380,Vålerenga,Fart,4.0,0.0,2019,40.0,25.2,41.0,13.0,21.9,14.0,2.0,41.0,24.0,17.0,46.0,11.0,12.0,14.0,60.0,-46.0,10.0,4.0,14,2
381,Arna-Bjørnar,Fart,3.0,1.0,2019,26.0,22.4,26.0,13.0,21.9,14.0,9.0,26.0,41.0,-15.0,23.0,7.0,12.0,14.0,60.0,-46.0,10.0,4.0,0,2
382,Avaldsnes,Fart,3.0,3.0,2019,36.0,24.4,40.0,13.0,21.9,14.0,5.0,40.0,33.0,7.0,34.0,9.0,12.0,14.0,60.0,-46.0,10.0,4.0,1,2
383,Røa,Fart,5.0,0.0,2019,35.0,22.9,39.0,13.0,21.9,14.0,6.0,40.0,35.0,5.0,29.0,16.0,12.0,14.0,60.0,-46.0,10.0,4.0,10,2
384,Stabæk,Fart,3.0,0.0,2019,15.0,24.7,16.0,13.0,21.9,14.0,11.0,16.0,43.0,-27.0,13.0,9.0,12.0,14.0,60.0,-46.0,10.0,4.0,12,2
385,Kolbotn,Fart,4.0,0.0,2019,32.0,21.8,35.0,13.0,21.9,14.0,8.0,35.0,39.0,-4.0,27.0,8.0,12.0,14.0,60.0,-46.0,10.0,4.0,6,2
386,Sandviken,LSK Kvinner,1.0,3.0,2019,40.0,25.3,43.0,44.0,25.3,50.0,4.0,43.0,32.0,11.0,40.0,17.0,1.0,51.0,18.0,33.0,50.0,12.0,11,7
387,Klepp,LSK Kvinner,1.0,1.0,2019,47.0,25.0,48.0,44.0,25.3,50.0,3.0,48.0,19.0,29.0,44.0,10.0,1.0,51.0,18.0,33.0,50.0,12.0,5,7
388,Lyn,LSK Kvinner,0.0,2.0,2019,22.0,20.1,23.0,44.0,25.3,50.0,10.0,23.0,37.0,-14.0,20.0,10.0,1.0,51.0,18.0,33.0,50.0,12.0,8,7
389,Trondheims-Ørn,LSK Kvinner,0.0,3.0,2019,24.0,21.9,26.0,44.0,25.3,50.0,7.0,26.0,22.0,4.0,29.0,9.0,1.0,51.0,18.0,33.0,50.0,12.0,13,7
390,Vålerenga,LSK Kvinner,1.0,2.0,2019,40.0,25.2,41.0,44.0,25.3,50.0,2.0,41.0,24.0,17.0,46.0,11.0,1.0,51.0,18.0,33.0,50.0,12.0,14,7
391,Arna-Bjørnar,LSK Kvinner,1.0,3.0,2019,26.0,22.4,26.0,44.0,25.3,50.0,9.0,26.0,41.0,-15.0,23.0,7.0,1.0,51.0,18.0,33.0,50.0,12.0,0,7
392,Avaldsnes,LSK Kvinner,1.0,1.0,2019,36.0,24.4,40.0,44.0,25.3,50.0,5.0,40.0,33.0,7.0,34.0,9.0,1.0,51.0,18.0,33.0,50.0,12.0,1,7
393,Røa,LSK Kvinner,0.0,1.0,2019,35.0,22.9,39.0,44.0,25.3,50.0,6.0,40.0,35.0,5.0,29.0,16.0,1.0,51.0,18.0,33.0,50.0,12.0,10,7
394,Stabæk,LSK Kvinner,2.0,2.0,2019,15.0,24.7,16.0,44.0,25.3,50.0,11.0,16.0,43.0,-27.0,13.0,9.0,1.0,51.0,18.0,33.0,50.0,12.0,12,7
395,Fart,LSK Kvinner,0.0,4.0,2019,13.0,21.9,14.0,44.0,25.3,50.0,12.0,14.0,60.0,-46.0,10.0,4.0,1.0,51.0,18.0,33.0,50.0,12.0,2,7
396,Kolbotn,LSK Kvinner,2.0,2.0,2019,32.0,21.8,35.0,44.0,25.3,50.0,8.0,35.0,39.0,-4.0,27.0,8.0,1.0,51.0,18.0,33.0,50.0,12.0,6,7
397,Lyn,IF Fløya,2.0,1.0,2019,22.0,20.1,23.0,,,,10.0,23.0,37.0,-14.0,20.0,10.0,,,,,,,8,4
398,LSK Kvinner,Kolbotn,4.0,3.0,2020,44.0,25.3,50.0,32.0,21.8,35.0,1.0,51.0,18.0,33.0,50.0,12.0,8.0,35.0,39.0,-4.0,27.0,8.0,7,6
399,Sandviken,Kolbotn,2.0,2.0,2020,40.0,25.3,43.0,32.0,21.8,35.0,4.0,43.0,32.0,11.0,40.0,17.0,8.0,35.0,39.0,-4.0,27.0,8.0,11,6
400,Klepp,Kolbotn,3.0,0.0,2020,47.0,25.0,48.0,32.0,21.8,35.0,3.0,48.0,19.0,29.0,44.0,10.0,8.0,35.0,39.0,-4.0,27.0,8.0,5,6
401,Trondheims-Ørn,Kolbotn,4.0,0.0,2020,24.0,21.9,26.0,32.0,21.8,35.0,7.0,26.0,22.0,4.0,29.0,9.0,8.0,35.0,39.0,-4.0,27.0,8.0,13,6
402,Arna-Bjørnar,Kolbotn,1.0,3.0,2020,26.0,22.4,26.0,32.0,21.8,35.0,9.0,26.0,41.0,-15.0,23.0,7.0,8.0,35.0,39.0,-4.0,27.0,8.0,0,6
403,Avaldsnes,Kolbotn,2.0,1.0,2020,36.0,24.4,40.0,32.0,21.8,35.0,5.0,40.0,33.0,7.0,34.0,9.0,8.0,35.0,39.0,-4.0,27.0,8.0,1,6
404,Røa,Kolbotn,1.0,2.0,2020,35.0,22.9,39.0,32.0,21.8,35.0,6.0,40.0,35.0,5.0,29.0,16.0,8.0,35.0,39.0,-4.0,27.0,8.0,10,6
405,Lyn,Kolbotn,0.0,0.0,2020,22.0,20.1,23.0,32.0,21.8,35.0,10.0,23.0,37.0,-14.0,20.0,10.0,8.0,35.0,39.0,-4.0,27.0,8.0,8,6
406,Vålerenga,Kolbotn,1.0,0.0,2020,40.0,25.2,41.0,32.0,21.8,35.0,2.0,41.0,24.0,17.0,46.0,11.0,8.0,35.0,39.0,-4.0,27.0,8.0,14,6
407,LSK Kvinner,Arna-Bjørnar,3.0,1.0,2020,44.0,25.3,50.0,26.0,22.4,26.0,1.0,51.0,18.0,33.0,50.0,12.0,9.0,26.0,41.0,-15.0,23.0,7.0,7,0
408,Sandviken,Arna-Bjørnar,2.0,0.0,2020,40.0,25.3,43.0,26.0,22.4,26.0,4.0,43.0,32.0,11.0,40.0,17.0,9.0,26.0,41.0,-15.0,23.0,7.0,11,0
409,Klepp,Arna-Bjørnar,4.0,0.0,2020,47.0,25.0,48.0,26.0,22.4,26.0,3.0,48.0,19.0,29.0,44.0,10.0,9.0,26.0,41.0,-15.0,23.0,7.0,5,0
410,Trondheims-Ørn,Arna-Bjørnar,0.0,0.0,2020,24.0,21.9,26.0,26.0,22.4,26.0,7.0,26.0,22.0,4.0,29.0,9.0,9.0,26.0,41.0,-15.0,23.0,7.0,13,0
411,Avaldsnes,Arna-Bjørnar,2.0,1.0,2020,36.0,24.4,40.0,26.0,22.4,26.0,5.0,40.0,33.0,7.0,34.0,9.0,9.0,26.0,41.0,-15.0,23.0,7.0,1,0
412,Røa,Arna-Bjørnar,6.0,1.0,2020,35.0,22.9,39.0,26.0,22.4,26.0,6.0,40.0,35.0,5.0,29.0,16.0,9.0,26.0,41.0,-15.0,23.0,7.0,10,0
413,Lyn,Arna-Bjørnar,4.0,5.0,2020,22.0,20.1,23.0,26.0,22.4,26.0,10.0,23.0,37.0,-14.0,20.0,10.0,9.0,26.0,41.0,-15.0,23.0,7.0,8,0
414,Vålerenga,Arna-Bjørnar,1.0,0.0,2020,40.0,25.2,41.0,26.0,22.4,26.0,2.0,41.0,24.0,17.0,46.0,11.0,9.0,26.0,41.0,-15.0,23.0,7.0,14,0
415,Kolbotn,Arna-Bjørnar,0.0,2.0,2020,32.0,21.8,35.0,26.0,22.4,26.0,8.0,35.0,39.0,-4.0,27.0,8.0,9.0,26.0,41.0,-15.0,23.0,7.0,6,0
416,LSK Kvinner,Røa,1.0,1.0,2020,44.0,25.3,50.0,35.0,22.9,39.0,1.0,51.0,18.0,33.0,50.0,12.0,6.0,40.0,35.0,5.0,29.0,16.0,7,10
417,Sandviken,Røa,0.0,2.0,2020,40.0,25.3,43.0,35.0,22.9,39.0,4.0,43.0,32.0,11.0,40.0,17.0,6.0,40.0,35.0,5.0,29.0,16.0,11,10
418,Klepp,Røa,1.0,0.0,2020,47.0,25.0,48.0,35.0,22.9,39.0,3.0,48.0,19.0,29.0,44.0,10.0,6.0,40.0,35.0,5.0,29.0,16.0,5,10
419,Trondheims-Ørn,Røa,0.0,1.0,2020,24.0,21.9,26.0,35.0,22.9,39.0,7.0,26.0,22.0,4.0,29.0,9.0,6.0,40.0,35.0,5.0,29.0,16.0,13,10
420,Arna-Bjørnar,Røa,2.0,2.0,2020,26.0,22.4,26.0,35.0,22.9,39.0,9.0,26.0,41.0,-15.0,23.0,7.0,6.0,40.0,35.0,5.0,29.0,16.0,0,10
421,Avaldsnes,Røa,1.0,0.0,2020,36.0,24.4,40.0,35.0,22.9,39.0,5.0,40.0,33.0,7.0,34.0,9.0,6.0,40.0,35.0,5.0,29.0,16.0,1,10
422,Lyn,Røa,1.0,1.0,2020,22.0,20.1,23.0,35.0,22.9,39.0,10.0,23.0,37.0,-14.0,20.0,10.0,6.0,40.0,35.0,5.0,29.0,16.0,8,10
423,Vålerenga,Røa,1.0,1.0,2020,40.0,25.2,41.0,35.0,22.9,39.0,2.0,41.0,24.0,17.0,46.0,11.0,6.0,40.0,35.0,5.0,29.0,16.0,14,10
424,Kolbotn,Røa,4.0,4.0,2020,32.0,21.8,35.0,35.0,22.9,39.0,8.0,35.0,39.0,-4.0,27.0,8.0,6.0,40.0,35.0,5.0,29.0,16.0,6,10
425,LSK Kvinner,Lyn,6.0,0.0,2020,44.0,25.3,50.0,22.0,20.1,23.0,1.0,51.0,18.0,33.0,50.0,12.0,10.0,23.0,37.0,-14.0,20.0,10.0,7,8
426,Sandviken,Lyn,2.0,1.0,2020,40.0,25.3,43.0,22.0,20.1,23.0,4.0,43.0,32.0,11.0,40.0,17.0,10.0,23.0,37.0,-14.0,20.0,10.0,11,8
427,Klepp,Lyn,1.0,0.0,2020,47.0,25.0,48.0,22.0,20.1,23.0,3.0,48.0,19.0,29.0,44.0,10.0,10.0,23.0,37.0,-14.0,20.0,10.0,5,8
428,Trondheims-Ørn,Lyn,1.0,1.0,2020,24.0,21.9,26.0,22.0,20.1,23.0,7.0,26.0,22.0,4.0,29.0,9.0,10.0,23.0,37.0,-14.0,20.0,10.0,13,8
429,Arna-Bjørnar,Lyn,1.0,1.0,2020,26.0,22.4,26.0,22.0,20.1,23.0,9.0,26.0,41.0,-15.0,23.0,7.0,10.0,23.0,37.0,-14.0,20.0,10.0,0,8
430,Avaldsnes,Lyn,3.0,1.0,2020,36.0,24.4,40.0,22.0,20.1,23.0,5.0,40.0,33.0,7.0,34.0,9.0,10.0,23.0,37.0,-14.0,20.0,10.0,1,8
431,Røa,Lyn,2.0,3.0,2020,35.0,22.9,39.0,22.0,20.1,23.0,6.0,40.0,35.0,5.0,29.0,16.0,10.0,23.0,37.0,-14.0,20.0,10.0,10,8
432,Vålerenga,Lyn,0.0,1.0,2020,40.0,25.2,41.0,22.0,20.1,23.0,2.0,41.0,24.0,17.0,46.0,11.0,10.0,23.0,37.0,-14.0,20.0,10.0,14,8
433,Kolbotn,Lyn,0.0,0.0,2020,32.0,21.8,35.0,22.0,20.1,23.0,8.0,35.0,39.0,-4.0,27.0,8.0,10.0,23.0,37.0,-14.0,20.0,10.0,6,8
434,LSK Kvinner,Klepp,0.0,1.0,2020,44.0,25.3,50.0,47.0,25.0,48.0,1.0,51.0,18.0,33.0,50.0,12.0,3.0,48.0,19.0,29.0,44.0,10.0,7,5
435,Sandviken,Klepp,2.0,1.0,2020,40.0,25.3,43.0,47.0,25.0,48.0,4.0,43.0,32.0,11.0,40.0,17.0,3.0,48.0,19.0,29.0,44.0,10.0,11,5
436,Trondheims-Ørn,Klepp,0.0,1.0,2020,24.0,21.9,26.0,47.0,25.0,48.0,7.0,26.0,22.0,4.0,29.0,9.0,3.0,48.0,19.0,29.0,44.0,10.0,13,5
437,Arna-Bjørnar,Klepp,1.0,0.0,2020,26.0,22.4,26.0,47.0,25.0,48.0,9.0,26.0,41.0,-15.0,23.0,7.0,3.0,48.0,19.0,29.0,44.0,10.0,0,5
438,Avaldsnes,Klepp,1.0,3.0,2020,36.0,24.4,40.0,47.0,25.0,48.0,5.0,40.0,33.0,7.0,34.0,9.0,3.0,48.0,19.0,29.0,44.0,10.0,1,5
439,Røa,Klepp,1.0,4.0,2020,35.0,22.9,39.0,47.0,25.0,48.0,6.0,40.0,35.0,5.0,29.0,16.0,3.0,48.0,19.0,29.0,44.0,10.0,10,5
440,Lyn,Klepp,2.0,1.0,2020,22.0,20.1,23.0,47.0,25.0,48.0,10.0,23.0,37.0,-14.0,20.0,10.0,3.0,48.0,19.0,29.0,44.0,10.0,8,5
441,Vålerenga,Klepp,4.0,0.0,2020,40.0,25.2,41.0,47.0,25.0,48.0,2.0,41.0,24.0,17.0,46.0,11.0,3.0,48.0,19.0,29.0,44.0,10.0,14,5
442,Kolbotn,Klepp,0.0,0.0,2020,32.0,21.8,35.0,47.0,25.0,48.0,8.0,35.0,39.0,-4.0,27.0,8.0,3.0,48.0,19.0,29.0,44.0,10.0,6,5
443,LSK Kvinner,Vålerenga,2.0,0.0,2020,44.0,25.3,50.0,40.0,25.2,41.0,1.0,51.0,18.0,33.0,50.0,12.0,2.0,41.0,24.0,17.0,46.0,11.0,7,14
444,Sandviken,Vålerenga,3.0,4.0,2020,40.0,25.3,43.0,40.0,25.2,41.0,4.0,43.0,32.0,11.0,40.0,17.0,2.0,41.0,24.0,17.0,46.0,11.0,11,14
445,Klepp,Vålerenga,5.0,0.0,2020,47.0,25.0,48.0,40.0,25.2,41.0,3.0,48.0,19.0,29.0,44.0,10.0,2.0,41.0,24.0,17.0,46.0,11.0,5,14
446,Trondheims-Ørn,Vålerenga,0.0,1.0,2020,24.0,21.9,26.0,40.0,25.2,41.0,7.0,26.0,22.0,4.0,29.0,9.0,2.0,41.0,24.0,17.0,46.0,11.0,13,14
447,Arna-Bjørnar,Vålerenga,0.0,2.0,2020,26.0,22.4,26.0,40.0,25.2,41.0,9.0,26.0,41.0,-15.0,23.0,7.0,2.0,41.0,24.0,17.0,46.0,11.0,0,14
448,Avaldsnes,Vålerenga,2.0,2.0,2020,36.0,24.4,40.0,40.0,25.2,41.0,5.0,40.0,33.0,7.0,34.0,9.0,2.0,41.0,24.0,17.0,46.0,11.0,1,14
449,Røa,Vålerenga,2.0,6.0,2020,35.0,22.9,39.0,40.0,25.2,41.0,6.0,40.0,35.0,5.0,29.0,16.0,2.0,41.0,24.0,17.0,46.0,11.0,10,14
450,Lyn,Vålerenga,1.0,2.0,2020,22.0,20.1,23.0,40.0,25.2,41.0,10.0,23.0,37.0,-14.0,20.0,10.0,2.0,41.0,24.0,17.0,46.0,11.0,8,14
451,Kolbotn,Vålerenga,1.0,2.0,2020,32.0,21.8,35.0,40.0,25.2,41.0,8.0,35.0,39.0,-4.0,27.0,8.0,2.0,41.0,24.0,17.0,46.0,11.0,6,14
452,LSK Kvinner,Trondheims-Ørn,2.0,0.0,2020,44.0,25.3,50.0,24.0,21.9,26.0,1.0,51.0,18.0,33.0,50.0,12.0,7.0,26.0,22.0,4.0,29.0,9.0,7,13
453,Sandviken,Trondheims-Ørn,1.0,0.0,2020,40.0,25.3,43.0,24.0,21.9,26.0,4.0,43.0,32.0,11.0,40.0,17.0,7.0,26.0,22.0,4.0,29.0,9.0,11,13
454,Klepp,Trondheims-Ørn,2.0,3.0,2020,47.0,25.0,48.0,24.0,21.9,26.0,3.0,48.0,19.0,29.0,44.0,10.0,7.0,26.0,22.0,4.0,29.0,9.0,5,13
455,Arna-Bjørnar,Trondheims-Ørn,0.0,0.0,2020,26.0,22.4,26.0,24.0,21.9,26.0,9.0,26.0,41.0,-15.0,23.0,7.0,7.0,26.0,22.0,4.0,29.0,9.0,0,13
456,Avaldsnes,Trondheims-Ørn,0.0,1.0,2020,36.0,24.4,40.0,24.0,21.9,26.0,5.0,40.0,33.0,7.0,34.0,9.0,7.0,26.0,22.0,4.0,29.0,9.0,1,13
457,Røa,Trondheims-Ørn,2.0,1.0,2020,35.0,22.9,39.0,24.0,21.9,26.0,6.0,40.0,35.0,5.0,29.0,16.0,7.0,26.0,22.0,4.0,29.0,9.0,10,13
458,Lyn,Trondheims-Ørn,0.0,3.0,2020,22.0,20.1,23.0,24.0,21.9,26.0,10.0,23.0,37.0,-14.0,20.0,10.0,7.0,26.0,22.0,4.0,29.0,9.0,8,13
459,Vålerenga,Trondheims-Ørn,3.0,1.0,2020,40.0,25.2,41.0,24.0,21.9,26.0,2.0,41.0,24.0,17.0,46.0,11.0,7.0,26.0,22.0,4.0,29.0,9.0,14,13
460,Kolbotn,Trondheims-Ørn,1.0,2.0,2020,32.0,21.8,35.0,24.0,21.9,26.0,8.0,35.0,39.0,-4.0,27.0,8.0,7.0,26.0,22.0,4.0,29.0,9.0,6,13
461,LSK Kvinner,Sandviken,2.0,0.0,2020,44.0,25.3,50.0,40.0,25.3,43.0,1.0,51.0,18.0,33.0,50.0,12.0,4.0,43.0,32.0,11.0,40.0,17.0,7,11
462,Klepp,Sandviken,2.0,3.0,2020,47.0,25.0,48.0,40.0,25.3,43.0,3.0,48.0,19.0,29.0,44.0,10.0,4.0,43.0,32.0,11.0,40.0,17.0,5,11
463,Trondheims-Ørn,Sandviken,0.0,1.0,2020,24.0,21.9,26.0,40.0,25.3,43.0,7.0,26.0,22.0,4.0,29.0,9.0,4.0,43.0,32.0,11.0,40.0,17.0,13,11
464,Arna-Bjørnar,Sandviken,1.0,2.0,2020,26.0,22.4,26.0,40.0,25.3,43.0,9.0,26.0,41.0,-15.0,23.0,7.0,4.0,43.0,32.0,11.0,40.0,17.0,0,11
465,Avaldsnes,Sandviken,3.0,2.0,2020,36.0,24.4,40.0,40.0,25.3,43.0,5.0,40.0,33.0,7.0,34.0,9.0,4.0,43.0,32.0,11.0,40.0,17.0,1,11
466,Røa,Sandviken,2.0,2.0,2020,35.0,22.9,39.0,40.0,25.3,43.0,6.0,40.0,35.0,5.0,29.0,16.0,4.0,43.0,32.0,11.0,40.0,17.0,10,11
467,Lyn,Sandviken,1.0,1.0,2020,22.0,20.1,23.0,40.0,25.3,43.0,10.0,23.0,37.0,-14.0,20.0,10.0,4.0,43.0,32.0,11.0,40.0,17.0,8,11
468,Vålerenga,Sandviken,1.0,1.0,2020,40.0,25.2,41.0,40.0,25.3,43.0,2.0,41.0,24.0,17.0,46.0,11.0,4.0,43.0,32.0,11.0,40.0,17.0,14,11
469,Kolbotn,Sandviken,3.0,2.0,2020,32.0,21.8,35.0,40.0,25.3,43.0,8.0,35.0,39.0,-4.0,27.0,8.0,4.0,43.0,32.0,11.0,40.0,17.0,6,11
470,LSK Kvinner,Avaldsnes,2.0,1.0,2020,44.0,25.3,50.0,36.0,24.4,40.0,1.0,51.0,18.0,33.0,50.0,12.0,5.0,40.0,33.0,7.0,34.0,9.0,7,1
471,Sandviken,Avaldsnes,6.0,4.0,2020,40.0,25.3,43.0,36.0,24.4,40.0,4.0,43.0,32.0,11.0,40.0,17.0,5.0,40.0,33.0,7.0,34.0,9.0,11,1
472,Klepp,Avaldsnes,1.0,0.0,2020,47.0,25.0,48.0,36.0,24.4,40.0,3.0,48.0,19.0,29.0,44.0,10.0,5.0,40.0,33.0,7.0,34.0,9.0,5,1
473,Trondheims-Ørn,Avaldsnes,1.0,1.0,2020,24.0,21.9,26.0,36.0,24.4,40.0,7.0,26.0,22.0,4.0,29.0,9.0,5.0,40.0,33.0,7.0,34.0,9.0,13,1
474,Arna-Bjørnar,Avaldsnes,0.0,2.0,2020,26.0,22.4,26.0,36.0,24.4,40.0,9.0,26.0,41.0,-15.0,23.0,7.0,5.0,40.0,33.0,7.0,34.0,9.0,0,1
475,Røa,Avaldsnes,2.0,2.0,2020,35.0,22.9,39.0,36.0,24.4,40.0,6.0,40.0,35.0,5.0,29.0,16.0,5.0,40.0,33.0,7.0,34.0,9.0,10,1
476,Lyn,Avaldsnes,2.0,3.0,2020,22.0,20.1,23.0,36.0,24.4,40.0,10.0,23.0,37.0,-14.0,20.0,10.0,5.0,40.0,33.0,7.0,34.0,9.0,8,1
477,Vålerenga,Avaldsnes,1.0,1.0,2020,40.0,25.2,41.0,36.0,24.4,40.0,2.0,41.0,24.0,17.0,46.0,11.0,5.0,40.0,33.0,7.0,34.0,9.0,14,1
478,Kolbotn,Avaldsnes,3.0,1.0,2020,32.0,21.8,35.0,36.0,24.4,40.0,8.0,35.0,39.0,-4.0,27.0,8.0,5.0,40.0,33.0,7.0,34.0,9.0,6,1
479,Sandviken,LSK Kvinner,1.0,3.0,2020,40.0,25.3,43.0,44.0,25.3,50.0,4.0,43.0,32.0,11.0,40.0,17.0,1.0,51.0,18.0,33.0,50.0,12.0,11,7
480,Klepp,LSK Kvinner,1.0,1.0,2020,47.0,25.0,48.0,44.0,25.3,50.0,3.0,48.0,19.0,29.0,44.0,10.0,1.0,51.0,18.0,33.0,50.0,12.0,5,7
481,Trondheims-Ørn,LSK Kvinner,0.0,3.0,2020,24.0,21.9,26.0,44.0,25.3,50.0,7.0,26.0,22.0,4.0,29.0,9.0,1.0,51.0,18.0,33.0,50.0,12.0,13,7
482,Arna-Bjørnar,LSK Kvinner,1.0,3.0,2020,26.0,22.4,26.0,44.0,25.3,50.0,9.0,26.0,41.0,-15.0,23.0,7.0,1.0,51.0,18.0,33.0,50.0,12.0,0,7
483,Avaldsnes,LSK Kvinner,1.0,1.0,2020,36.0,24.4,40.0,44.0,25.3,50.0,5.0,40.0,33.0,7.0,34.0,9.0,1.0,51.0,18.0,33.0,50.0,12.0,1,7
484,Røa,LSK Kvinner,0.0,1.0,2020,35.0,22.9,39.0,44.0,25.3,50.0,6.0,40.0,35.0,5.0,29.0,16.0,1.0,51.0,18.0,33.0,50.0,12.0,10,7
485,Lyn,LSK Kvinner,0.0,2.0,2020,22.0,20.1,23.0,44.0,25.3,50.0,10.0,23.0,37.0,-14.0,20.0,10.0,1.0,51.0,18.0,33.0,50.0,12.0,8,7
486,Vålerenga,LSK Kvinner,1.0,2.0,2020,40.0,25.2,41.0,44.0,25.3,50.0,2.0,41.0,24.0,17.0,46.0,11.0,1.0,51.0,18.0,33.0,50.0,12.0,14,7
487,Kolbotn,LSK Kvinner,2.0,2.0,2020,32.0,21.8,35.0,44.0,25.3,50.0,8.0,35.0,39.0,-4.0,27.0,8.0,1.0,51.0,18.0,33.0,50.0,12.0,6,7
488,Fart,,,,2020,13.0,21.9,14.0,,,,12.0,14.0,60.0,-46.0,10.0,4.0,,,,,,,2,15
489,Stabæk,,,,2020,15.0,24.7,16.0,,,,11.0,16.0,43.0,-27.0,13.0,9.0,,,,,,,12,15
490,,Fart,,,2020,,,,13.0,21.9,14.0,,,,,,,12.0,14.0,60.0,-46.0,10.0,4.0,15,2
491,,Stabæk,,,2020,,,,15.0,24.7,16.0,,,,,,,11.0,16.0,43.0,-27.0,13.0,9.0,15,12
